Price,Close,High,Low,Open,Volume
Ticker,AAPL,AAPL,AAPL,AAPL,AAPL
Date,,,,,
2020-01-02,72.53850555419922,72.59888386623527,71.29229630932706,71.54588227171874,135480400
2020-01-03,71.83328247070312,72.59404771603535,71.6086769224392,71.76565905712691,146322800
2020-01-06,72.40569305419922,72.44433607127044,70.70302703365871,70.95420295942078,118387200
2020-01-07,72.06514739990234,72.67134068922641,71.84536944211234,72.41533721540509,108872000
2020-01-08,73.22441101074219,73.52630260685811,71.76808624589498,71.76808624589498,132079200
2020-01-09,74.77975463867188,74.97296230565743,73.9513658951312,74.20253438813242,170108400
2020-01-10,74.94879913330078,75.51394659034878,74.44645484641248,75.01401242394427,140644800
2020-01-13,76.550048828125,76.57661912211044,75.14685723047293,75.26520375211625,121532000
2020-01-14,75.51637268066406,76.69737618985954,75.39320591637785,76.48726080979424,161954400
2020-01-15,75.19274139404297,76.19743749233605,74.76043057245047,75.31591552157606,121923600
2020-01-16,76.1346435546875,76.24574496948411,75.3738782015038,75.73614811924845,108829200
2020-01-17,76.97753143310547,76.97994155406593,76.07668423312775,76.38340344954888,137816400
2020-01-21,76.45586395263672,77.04756709065205,76.31819960849738,76.6056010131108,110843200
2020-01-22,76.72877502441406,77.28183515069573,76.63458130371416,76.94130052804331,101832400
2020-01-23,77.0982894897461,77.17798563171488,76.23366779231166,76.78190767247501,104472000
2020-01-24,76.87609100341797,78.08848500678306,76.68529344990502,77.34462735281411,146537600
2020-01-27,74.61551666259766,75.29657838161462,73.63255603039792,74.88359281479813,161940000
2020-01-28,76.72636413574219,76.89783652233591,75.39804092914581,75.49706227081296,162234000
2020-01-29,78.33241271972656,79.1801266517597,77.61753550777614,78.35898301190313,216229200
2020-01-30,78.21892547607422,78.27205870652551,76.98237833510105,77.41468928420925,126743200
2020-01-31,74.75079345703125,77.93151989975665,74.4561468983136,77.50887157038966,199588400
2020-02-03,74.54549407958984,75.71200004458515,72.99014787932889,73.49249228699044,173788400
2020-02-04,77.00651550292969,77.197313069489,75.74581580955447,76.15155637582674,136616400
2020-02-05,77.63446044921875,78.43386895689102,77.03067714309759,78.13438742518179,118826800
2020-02-06,78.54253387451172,78.544951365906,77.34704752803583,77.90494263047137,105425600
2020-02-07,77.47492218017578,78.2907522912515,76.98348700831134,78.04140355652011,117684000
2020-02-10,77.84288787841797,77.84288787841797,75.97882681770385,76.05871208817942,109348800
2020-02-11,77.37326049804688,78.4118136218486,77.15538413187909,78.33919062909048,94323200
2020-02-12,79.2107162475586,79.21555531855786,77.82355775917124,77.82355775917124,113730400
2020-02-13,78.64662170410156,78.97343988034811,78.27865296968668,78.48200469564426,94747600
2020-02-14,78.66600799560547,78.91535678515409,78.15762488828393,78.61516451334795,80113600
2020-02-18,77.22557830810547,77.40714314738784,76.16281523598434,76.34438007526671,152531200
2020-02-19,78.3440170288086,78.57400211516978,77.46766524775612,77.46766524775612,93984000
2020-02-20,77.54029083251953,78.5933684199213,77.0343310134274,78.10435642626537,100566000
2020-02-21,75.78515625,77.57660179653178,75.16783878997336,77.13357947900434,129554000
2020-02-24,72.18533325195312,73.63785189891229,70.0186640363075,71.96261786330551,222195200
2020-02-25,69.74028778076172,73.2384412684254,69.26822345651695,72.85594778267296,230673600
2020-02-26,70.84658813476562,72.11270274954929,69.35775815457548,69.36502045153675,198054800
2020-02-27,66.2154769897461,69.23671826456818,66.07990918137826,68.05049624740387,320605600
2020-02-28,66.1767578125,67.3992989911438,62.0637108077199,62.27917132496963,426510000
2020-03-02,72.33785247802734,72.97454103190371,67.23225006740749,68.33616370279057,341397200
2020-03-03,70.04045104980469,73.59427823904339,69.18830204720706,73.5143929639958,319475600
2020-03-04,73.28926849365234,73.44904647858813,70.96282065269989,71.76412641873794,219178400
2020-03-05,70.91195678710938,72.51698353207479,70.54640393192855,71.54137556338232,187572800
2020-03-06,69.97025299072266,70.403589845972,68.08198145661343,68.26838538116881,226176800
2020-03-09,64.43614959716797,67.32181576257562,63.66873234822989,63.850297174318,286744800
2020-03-10,69.07695007324219,69.34324665860709,65.21082898559138,67.09184552066098,285290000
2020-03-11,66.67786407470703,68.07954658211698,65.81361374090199,67.15235879986956,255598800
2020-03-12,60.093116760253906,65.36333966293708,60.03743791262368,61.95960486263178,418474000
2020-03-13,67.29279327392578,67.76486496422736,61.23578723793036,64.12630470117385,370732000
2020-03-16,58.635765075683594,62.7197589173465,58.10075235573811,58.572820229839216,322423600
2020-03-17,61.21398162841797,62.363888604538765,57.71340983694092,59.9188176066588,324056000
2020-03-18,59.715476989746094,60.52162548447289,57.40355015744986,58.045081603953385,300233600
2020-03-19,59.25792694091797,61.20914333463061,58.73259973445275,59.88977278720958,271857200
2020-03-20,55.49590301513672,60.96463541715743,55.195714466288855,59.83893112943769,401693200
2020-03-23,54.31693649291992,55.31675472983707,51.470001124172114,55.215078862447456,336752800
2020-03-24,59.76630783081055,59.96239727698541,56.72085964919753,57.21955717748085,287531200
2020-03-25,59.43705749511719,62.51881651598571,59.14171177404684,60.70316840806745,303602000
2020-03-26,62.564823150634766,62.62292153490078,59.640418371654654,59.679153090462734,252087200
2020-03-27,59.97449493408203,61.942655145225594,59.80745470235101,61.18734664760273,204216800
2020-03-30,61.68605041503906,61.85793342734731,60.376361777058186,60.700760441559225,167976400
2020-03-31,61.56016159057617,63.545269736802034,61.00578524680458,61.877297942194495,197002000
2020-04-01,58.32105255126953,60.211747296676954,57.890138928877285,59.67431503612997,176218400
2020-04-02,59.29423522949219,59.34749454652656,57.350281239576255,58.18305925799057,165934000
2020-04-03,58.44208526611328,59.48063441327349,57.851393792822975,58.778585252101344,129880000
2020-04-06,63.54043197631836,63.6953634654168,60.371521175046986,60.73948992606154,201820400
2020-04-07,62.80448913574219,65.77489475614705,62.70039373005676,65.55701102978264,202887200
2020-04-08,64.41195678710938,64.72666628175166,63.24025901440216,63.60580460540187,168895200
2020-04-09,64.87676239013672,65.38030647544825,64.0803030799883,65.04864913400917,161834800
2020-04-13,66.1501235961914,66.25906545571533,64.35383885573385,64.95421592166439,131022800
2020-04-14,69.49092864990234,69.78143541250135,67.31215009409136,67.7842217363413,194994800
2020-04-15,68.85665130615234,69.31661411100032,67.93672569645638,68.365216078865,131154400
2020-04-16,69.40375518798828,69.7693080402414,68.3531010291873,69.57079540604494,157125200
2020-04-17,68.4620590209961,69.46672390302615,67.02406462466632,68.91960605068904,215250000
2020-04-20,67.04100799560547,68.19091879039594,67.02164432762936,67.28794093663315,130015200
2020-04-21,64.96874237060547,67.11847132681476,64.25700758407963,66.8836471640781,180991600
2020-04-22,66.8400650024414,67.2758176226008,65.89592940016834,66.23726476615465,116862400
2020-04-23,66.58103942871094,68.20786075083029,66.54230470819708,66.7843911704893,124814400
2020-04-24,68.50320434570312,68.51288987249583,67.05794791639367,67.10636816246496,126161200
2020-04-27,68.55162048339844,68.88327772422247,67.77210185087893,68.21995585468255,117087600
2020-04-28,67.44043731689453,69.19556400981887,67.34845067537042,69.01399917951635,112004800
2020-04-29,69.65554809570312,70.12519647509855,68.72593686507632,68.92928862916094,137280800
2020-04-30,71.1249771118164,71.30170283288945,69.80561074344432,70.1953662779508,183064000
2020-05-01,69.97994232177734,72.3838593560598,69.20042354088866,69.29725665776628,240616800
2020-05-04,70.97007751464844,71.09838306103778,69.31420678113763,70.00415476707384,133568000
2020-05-05,72.03524780273438,72.868025831844,71.28477828502723,71.43003164134032,147751200
2020-05-06,72.77845001220703,73.41029209502018,72.35237549978946,72.73729206539267,142333600
2020-05-07,73.53135681152344,73.8775461479968,73.10286633314963,73.40547448146583,115215200
2020-05-08,75.28150939941406,75.33491288731747,73.86389829348582,74.19160117798899,133838400
2020-05-11,76.46609497070312,76.96128289724894,74.57998648849065,74.78874828363153,145946400
2020-05-12,75.59220886230469,77.60211024550932,75.47083798793751,77.15060674076052,162301200
2020-05-13,74.67951202392578,76.69427337454634,73.60173785754363,75.77185010542999,200622400
2020-05-14,75.13829803466797,75.19898348401253,73.19393386714296,73.91730709017112,158929200
2020-05-15,74.69406127929688,74.74018280409528,72.8734981674341,72.9074855679762,166348400
2020-05-18,76.4539566040039,76.82778105681554,75.32763848421635,76.01945410801251,135178400
2020-05-19,76.01216125488281,77.31810575212776,75.98060363958615,76.47093934712166,101729600
2020-05-20,77.4904556274414,77.56084540499204,76.8326201163857,76.87145968739159,111504800
2020-05-21,76.9127426147461,77.89342158394717,76.67485297832786,77.3521046904153,102688800
2020-05-22,77.40794372558594,77.4904750567076,76.54863559536585,76.65058301291332,81803200
2020-05-26,76.88361358642578,78.70659948141834,76.82778030514494,78.52697291852887,125522000
2020-05-27,77.21858215332031,77.36422869926452,76.00002111496565,76.74038797022739,112945200
2020-05-28,77.2525634765625,78.51239377679266,76.61658126415462,76.89330301256463,133560800
2020-05-29,77.17731475830078,77.95651372350704,76.82048407944905,77.49530586711329,153532400
2020-06-01,78.12645721435547,78.24782812585582,77.00013159984378,77.13121425847407,80791200
2020-06-02,78.48812103271484,78.5123966906775,77.41762896521124,77.85942075330303,87642800
2020-06-03,78.92021179199219,79.182377080961,78.23567814710795,78.80855263967156,104491200
2020-06-04,78.24053955078125,79.04158453578323,77.8667151007641,78.74301685979307,87560400
2020-06-05,80.4688949584961,80.52958039964126,78.46142323225453,78.49055105874169,137250400
2020-06-08,80.94465637207031,80.97864377054464,79.4542259806051,80.16545748180829,95654400
2020-06-09,83.50074005126953,83.89398053792564,80.59269835430385,80.62425597002903,147712400
2020-06-10,85.64900207519531,86.11749189610212,84.01049518819849,84.44985718304342,166651600
2020-06-11,81.53695678710938,85.2169228066109,81.43500939497191,84.7921247209598,201662400
2020-06-12,82.24090576171875,84.42558161332404,81.12915175448484,83.67794024802434,200146000
2020-06-15,83.25799560546875,83.91097154593938,80.73105294291301,80.8936931849323,138808800
2020-06-16,85.46452331542969,85.73640033379766,83.6779473563593,85.31402459590804,165428800
2020-06-17,85.34557342529297,86.27041892651324,85.22420254683476,86.20973348728414,114406400
2020-06-18,85.37957000732422,85.7970861704287,84.77028576142695,85.30189085886494,96820400
2020-06-19,84.89166259765625,86.55201562081369,83.78233079369242,86.0859555132038,264476000
2020-06-22,87.11273956298828,87.25595632121572,85.23877276466217,85.2848942945191,135445200
2020-06-23,88.97215270996094,90.39219373833417,87.93807025920542,88.35801624501319,212155600
2020-06-24,87.401611328125,89.52074989472776,87.02778688442697,88.6007564046994,192623200
2020-06-25,88.5619125366211,88.60075211142514,86.79718241483171,87.55696539217314,137522400
2020-06-26,85.84077453613281,88.67842646058456,85.69269820221506,88.45753055778336,205256800
2020-06-29,87.81912994384766,87.91380280361521,85.27034099055639,85.74854264287053,130646000
2020-06-30,88.55218505859375,88.83862594589743,87.38702765304257,87.40644373304936,140223200
2020-07-01,88.38469696044922,89.17360766512026,88.33615305412683,88.6298685038104,110737200
2020-07-02,88.38469696044922,89.92853837615466,88.27061544704088,89.29255616257464,114041600
2020-07-06,90.7490234375,91.21751333373977,89.78290840638297,89.81446602565468,118655600
2020-07-07,90.46742248535156,91.90687927040253,90.35576335568992,91.12768033499084,112424400
2020-07-08,92.57442474365234,92.60598235802769,91.35828614347145,91.4456770300409,117092000
2020-07-09,92.9725341796875,93.52112558076603,91.92388788228862,93.46772209132743,125642800
2020-07-10,93.13516998291016,93.19343305098592,91.95544841683225,92.56715507244024,90257200
2020-07-13,92.70550537109375,97.05301113101872,92.49189143951854,94.44110745330646,191649200
2020-07-14,94.2396469116211,94.43140759023446,91.15197107556455,92.08652103195597,170989200
2020-07-15,94.88774871826172,96.3660450887598,93.68860387905283,96.11602138224647,153198000
2020-07-16,93.72017669677734,94.57705491810681,93.1206041798998,93.75901627207651,110577600
2020-07-17,93.53084564208984,94.32703847766767,93.05749615234998,94.17168757232892,92186800
2020-07-20,95.50189971923828,95.64026431606665,93.2735318869254,93.61822848479565,90318000
2020-07-21,94.18379211425781,96.36846770453698,93.93376842635256,96.29321836016966,103433200
2020-07-22,94.4483871459961,95.13049087467405,93.79784103025683,93.88522450495746,89001600
2020-07-23,90.14944458007812,94.25906118948085,89.33868791358677,94.18138204100602,197004400
2020-07-24,89.92610931396484,90.27080586872148,86.55685253817205,88.34586551167968,185438800
2020-07-27,92.05738067626953,92.14962372831235,90.7660001713413,90.98931843723298,121214000
2020-07-28,90.54512023925781,91.80495076068121,90.54026066225798,91.62774658169793,103625600
2020-07-29,92.28070068359375,92.46518677635112,90.99174263799479,91.02815241738375,90329200
2020-07-30,93.39732360839844,93.50170078916014,91.04515531955397,91.45295970570953,158130000
2020-07-31,103.17496490478516,103.32546361824967,97.89775374108596,99.89795098088912,374336800
2020-08-03,105.77473449707031,108.39634285363456,104.76007559751676,105.05864325676774,308151200
2020-08-04,106.48112487792969,107.57346303949086,105.24071035791958,105.96408362952798,173071600
2020-08-05,106.8670654296875,107.18748634754088,105.73588787997431,106.20195534302388,121776800
2020-08-06,110.59558868408203,111.0907840336135,106.60977244976479,107.19963324982751,202428800
2020-08-07,108.08110809326172,110.57369742283494,107.2834798046482,110.11651887547455,198045600
2020-08-10,109.65204620361328,110.67096868829299,106.99895752533313,109.52802230986417,212403600
2020-08-11,106.3910140991211,109.41373301574056,106.13081029496767,108.91521808960395,187902400
2020-08-12,109.92684173583984,110.18461136167227,107.2883431931704,107.48288378658236,165598000
2020-08-13,111.87226104736328,112.87659322672799,110.81929001611167,111.30808301896154,210082000
2020-08-14,111.7725830078125,111.86255822594228,109.9608929550016,111.69719796444708,165565200
2020-08-17,111.4807357788086,112.92036115953931,110.85333616279125,112.89604173415177,119561600
2020-08-18,112.4096908569336,112.83525485693279,110.89711451437223,111.23270331319974,105633600
2020-08-19,112.55073547363281,113.96604157696903,112.45589935232542,112.8182343383738,145538000
2020-08-20,115.0481948852539,115.1624895192386,112.57505670786055,112.59208104980983,126907200
2020-08-21,120.97691345214844,121.46083817482683,115.99659572706068,116.00875173086001,338054800
2020-08-24,122.423828125,125.27146481367004,120.5562117393656,125.18634310109493,345937600
2020-08-25,121.41949462890625,121.76481270817138,119.6953532443396,121.29547815768062,211495600
2020-08-26,123.07067108154297,123.52784957595809,121.66995525546206,122.73751646542577,163022400
2020-08-27,121.59945678710938,124.00693190797273,120.45407621046918,123.67377724193759,155552400
2020-08-28,121.40248107910156,122.99286935955308,121.17875271683349,122.57460040324597,187630000
2020-08-31,125.51949310302734,127.426026441553,122.56243764607389,124.0993334865447,225702700
2020-09-01,130.519287109375,131.12238232990026,126.96887253695941,129.13802940462026,151948100
2020-09-02,127.81510925292969,134.21559397124165,123.53515699483128,133.83623463401244,200119000
2020-09-03,117.58210754394531,125.32493919241067,117.21247750644518,123.44760124139313,257599600
2020-09-04,117.65995025634766,120.32519508764499,107.86468180279036,116.79423196346733,332607200
2020-09-08,109.74203491210938,115.7437026686739,109.6058549976613,110.84120348479703,231366600
2020-09-09,114.1192626953125,115.88960896039349,112.11546621430013,114.06090199664179,176940500
2020-09-10,110.39373016357422,117.21248334746296,109.43074171443638,117.07630346258478,182274400
2020-09-11,108.94440460205078,112.08628667869145,106.99896880558559,111.4442893036586,180860300
2020-09-14,112.21271514892578,112.76716394445175,109.72256019656312,111.59017641083511,140150100
2020-09-15,112.3878173828125,115.5880598889027,110.51047170055435,115.10170098076587,184642000
2020-09-16,109.07083892822266,112.83525930246253,108.98329789268679,112.08626989830371,154679000
2020-09-17,107.32966613769531,109.13892163117578,105.74413897781598,106.72658592069983,178011000
2020-09-18,103.92515563964844,107.85493604325933,103.19561736370885,107.38803570255637,287104900
2020-09-21,107.0767822265625,107.18378178328017,100.28720839881021,101.68792447129736,195713800
2020-09-22,108.75958251953125,109.7809392501185,106.18188610459384,109.60584973691063,183055400
2020-09-23,104.19754028320312,109.05140034753937,103.8570830937395,108.574770672038,150718700
2020-09-24,105.26753234863281,107.24214849866884,102.13537952254174,102.30073978447857,167743300
2020-09-25,109.21674346923828,109.37238186529035,104.73251422513682,105.4717817638898,149981400
2020-09-28,111.82364654541016,112.17382557575709,109.70312127108637,111.8722854078883,137672400
2020-09-29,110.97736358642578,112.16408041867875,110.47155362609944,111.42482027829774,99382200
2020-09-30,112.65044403076172,114.0608892683136,110.52019713326597,110.68555737521241,142675200
2020-10-01,113.60372161865234,114.50834954010315,112.66991334832385,114.43053032893033,116120400
2020-10-02,109.93655395507812,112.22244654459766,109.15838422824464,109.81010332254509,144712000
2020-10-05,113.32161712646484,113.46752627225055,110.45210275141814,110.80228173280487,106243800
2020-10-06,110.07276153564453,112.95200563980481,109.18758468115253,112.54345848013615,161498200
2020-10-07,111.94037628173828,112.3975548762922,111.01628983580524,111.49292694400957,96849000
2020-10-08,111.8333740234375,113.22436086595617,111.46373648547903,113.0784517020909,83477200
2020-10-09,113.7787857055664,113.8079660479228,111.78471153708273,112.134890487853,100506900
2020-10-12,121.006103515625,121.76482226057634,116.02578539059424,116.78450413554557,240226800
2020-10-13,117.796142578125,121.96910348541796,116.38570451532449,121.85237465945383,262330500
2020-10-14,117.88367462158203,119.67347184273211,116.35650794568298,117.69885586154554,150712000
2020-10-15,117.41675567626953,117.8933852834975,114.92660067544894,115.48104948176437,112559200
2020-10-16,115.77287292480469,118.23385526990404,115.56860307094232,117.97121729976094,115393800
2020-10-19,112.81580352783203,117.1346651236104,112.50453415677372,116.68721586654202,120639300
2020-10-20,114.30406951904297,115.73396585696945,112.47535532523321,113.02980416838349,124423700
2020-10-21,113.68153381347656,115.47133103249566,113.27298669065874,113.4869857975519,89946000
2020-10-22,112.59208679199219,114.81961147307034,111.4637305673421,114.24570410467129,101988000
2020-10-23,111.90145874023438,113.37026472424279,111.16219112016253,113.2146263110706,82572600
2020-10-26,111.91117858886719,113.37025519408711,109.80037545983436,110.89955125203169,111850700
2020-10-27,113.41888427734375,114.08033262151682,111.41508815584027,112.33916701816054,92276800
2020-10-28,108.16621398925781,112.28081345722651,108.06894369566764,111.9111833730848,143937800
2020-10-29,112.17381286621094,113.73988906858685,109.138930754146,109.30429841508608,146129200
2020-10-30,105.89006805419922,108.93467231945372,104.78117027471363,108.03004440237355,190272600
2020-11-02,105.80250549316406,107.66039994190102,104.39206773628062,106.13323338437135,122866900
2020-11-03,107.42695617675781,108.44830541372347,105.7636096297727,106.66823748036964,107624400
2020-11-04,111.81391143798828,112.43645025464208,109.2848465676762,111.02601237155882,138235500
2020-11-05,115.7825927734375,116.35650010587017,113.68152628924997,114.73205582071998,126387100
2020-11-06,115.65106964111328,116.14800627447282,113.15661069606604,115.29054042608115,114457900
2020-11-09,113.34173583984375,118.86655905479424,113.0786522061061,117.41471118065078,154515300
2020-11-10,113.00069427490234,114.57921088296683,111.20780194427195,112.59144977903753,138023400
2020-11-11,116.4305648803711,116.56697971266742,113.45866182357159,114.18945875403799,112295000
2020-11-12,116.1577377319336,117.44394006005354,115.5341249324846,116.55724363092018,103162300
2020-11-13,116.20646667480469,116.60596516096147,114.85205685711352,116.38185824859463,81581900
2020-11-16,117.2198257446289,117.8921538375377,115.12487314428873,115.8751546907103,91183000
2020-11-17,116.33311462402344,117.58034006561653,115.91412413029607,116.4890215212476,74271000
2020-11-18,115.00794219970703,116.75211168169893,114.97871151334662,115.57309358284304,76322100
2020-11-19,115.60234832763672,116.01159288995271,113.81920174805022,114.57922948779476,74113000
2020-11-20,114.33562469482422,115.72901129196754,114.28690935456355,115.60234248642783,73604300
2020-11-23,110.93497467041016,114.60845147390663,110.83753656463605,114.17971488763942,127959300
2020-11-24,112.22117614746094,112.8837656693911,109.70723289360379,110.99344264268959,113874200
2020-11-25,113.05916595458984,113.76073225947121,112.22118480532058,112.59146004070323,76499200
2020-11-27,113.60482025146484,114.48177809334693,113.24429850772803,113.58533560344574,46691300
2020-11-30,116.00183868408203,117.87267708944432,113.81918644377502,113.97509336124737,169410200
2020-12-01,119.57785034179688,120.30864717087333,116.93723869148661,117.91163446358856,127728200
2020-12-02,119.92864227294922,120.21121795981708,117.7947129955284,118.89577762307528,89004200
2020-12-03,119.79222869873047,120.61071764794492,119.08091645415566,120.35737264430932,78967600
2020-12-04,119.11992645263672,119.7143086844661,118.40861400938022,119.46096361006691,78260400
2020-12-07,120.58150482177734,121.38050924323434,119.11991082393762,119.17837220495473,86712000
2020-12-08,121.19537353515625,121.78001709074977,119.93840178511279,121.18563492753421,82225500
2020-12-09,118.66193389892578,122.72516309946796,117.90190627108922,121.34152267781417,115089200
2020-12-10,120.08454132080078,120.69841545820569,117.07366174152065,117.41469879893988,81312200
2020-12-11,119.27581787109375,119.61685498411975,117.46344071723955,119.29530252010173,86939800
2020-12-14,118.66193389892578,120.19173519532912,118.42808095975704,119.46093825563229,79184500
2020-12-15,124.60576629638672,124.62525838078408,120.95178104734528,121.15640332920535,157243700
2020-12-16,124.53754425048828,125.0832036047306,123.31954931044656,124.14779181691584,98208600
2020-12-17,125.40478515625,126.26225855082929,124.76168011031554,125.5996614182619,94359800
2020-12-18,123.41699981689453,125.79452841437983,122.8908250895469,125.65811357033245,192541500
2020-12-21,124.94679260253906,125.0247460652675,120.28918099826035,121.81898239256174,121251600
2020-12-22,128.50332641601562,130.9685466687522,126.33041301688388,128.2402353796709,168904800
2020-12-23,127.60688018798828,129.03922833172223,127.43148121301886,128.776152171418,88223700
2020-12-24,128.5910186767578,130.0428738137408,127.74329906375385,127.95766733547217,54930100
2020-12-28,133.19015502929688,133.8235063080633,130.0915688691176,130.55928952566094,124486200
2020-12-29,131.41671752929688,135.23634614006411,130.90028909902065,134.5153029790497,121047300
2020-12-30,130.29623413085938,132.50811721089653,129.9844202745973,132.10861128309938,96452100
2020-12-31,129.29261779785156,131.29013272873263,128.3474524139923,130.64702774975748,99116600
2021-01-04,126.0965805053711,130.18904042592823,123.51442981152032,130.10134836082602,143301900
2021-01-05,127.65557861328125,128.36689819774932,125.14163585794874,125.58986443353002,97664900
2021-01-06,123.35852813720703,127.69459465788168,123.14415983466812,124.44985429829092,155088000
2021-01-07,127.56792449951172,128.25975221212653,124.58627507251094,125.0734730800105,109578200
2021-01-08,128.66900634765625,129.2341578626651,126.89559833144519,129.03926675065185,105158200
2021-01-11,125.67757415771484,126.83710761276025,125.20986830687416,125.88220383076441,100384500
2021-01-12,125.50221252441406,126.36942440251761,123.61188183396051,125.20989073972784,91951100
2021-01-13,127.53868103027344,128.08434036510624,125.20013677581811,125.46321296847564,88636800
2021-01-14,125.60938262939453,127.64586655028748,125.46321431935365,127.4509903383349,90221800
2021-01-15,123.88469696044922,126.8858381851589,123.74828212605794,125.48270567821912,111598500
2021-01-19,124.55704498291016,125.41451823804258,123.6898331200979,124.5083222083043,90757300
2021-01-20,128.64947509765625,129.09770370348497,125.25858190800798,125.36576603974312,104319500
2021-01-21,133.3655548095703,136.09386615455463,130.16953762113462,130.37416729095122,120150900
2021-01-22,135.50927734375,136.26930513798973,131.5629700317484,132.79070380672675,114459400
2021-01-25,139.2606658935547,141.37510329816405,133.04401504155618,139.40683420534555,157611700
2021-01-26,139.49453735351562,140.60534821810342,137.75036015705467,139.92327397986588,98390600
2021-01-27,138.42269897460938,140.605351455325,136.8149514568833,139.75761679075893,140843800
2021-01-28,133.57994079589844,138.35448999967483,133.19992695994156,135.9477307492471,142621100
2021-01-29,128.58128356933594,133.2388945668448,126.8760908230651,132.35219077043976,177523800
2021-02-01,130.70547485351562,131.91373120913244,127.5776572470742,130.32546101984542,106239800
2021-02-02,131.53372192382812,132.81991691760996,131.16344668453948,132.25476545115475,83305400
2021-02-03,130.51058959960938,132.2937358859012,130.189037167514,132.28398241128824,89880900
2021-02-04,133.8722381591797,133.88197676464856,131.1439269498007,132.81015030717464,84183100
2021-02-05,133.45751953125,134.1015854508509,132.57925865202728,134.033283551068,75693800
2021-02-08,133.6039276123047,133.65272320012699,131.66197638343067,132.74517291566528,71297200
2021-02-09,132.72560119628906,134.55045423223498,132.56947622112,133.32087140442766,76774200
2021-02-10,132.12060546875,133.6819746696006,131.15450660056266,133.18428060554035,73046600
2021-02-11,131.8668670654297,133.09643505279266,130.53970793560018,132.61826227921486,64280000
2021-02-12,132.10110473632812,132.257244658681,130.46168022259064,131.10574623455432,60145100
2021-02-16,129.97372436523438,132.72561913740805,129.58337464875356,132.21818684146174,80576300
2021-02-17,127.68045806884766,129.02713844569294,126.34354574073313,128.0805609185362,97918500
2021-02-18,126.5777587890625,126.86074929343846,124.33329640042257,126.08006478126129,96856700
2021-02-19,126.73388671875,127.55361366522426,125.68973288562044,127.094962062069,87668800
2021-02-22,122.9573745727539,126.5875458704134,122.5670322120621,124.91883209232695,103916400
2021-02-23,122.82073974609375,123.65021250049017,115.53112373320839,120.77145192783192,158273000
2021-02-24,122.32307434082031,122.52800241368946,119.27842017800822,121.92297880193146,111039900
2021-02-25,118.0683364868164,123.40624834822879,117.62920604594376,121.66923290454905,148199500
2021-02-26,118.3318099975586,121.83511493787971,118.27325381762451,119.62968743773787,164560400
2021-03-01,124.70411682128906,124.84073549345864,119.82485725763502,120.76167420043748,116307900
2021-03-02,122.0986099243164,125.61167577926304,121.99126560430425,125.30916402931615,102260900
2021-03-03,119.11250305175781,122.67436464921909,118.89781440194187,121.79609628413596,112966300
2021-03-04,117.22909545898438,120.61530301450836,115.75556433244158,118.80997834389994,178155000
2021-03-05,118.48794555664062,118.99539275523834,114.73091692483256,118.05857574839611,153766600
2021-03-08,113.55014038085938,118.07809310772461,113.40376109045417,118.00978376489019,154376600
2021-03-09,118.1659164428711,119.1124940848032,115.92146128458052,116.15566368258474,129525800
2021-03-10,117.08271789550781,119.21982856056245,116.56551011841668,118.75142380321871,111943300
2021-03-11,119.0149154663086,120.23473053231106,118.33182200741135,119.58091144377221,103026500
2021-03-12,118.10736083984375,118.24397951783547,116.28252245017181,117.49257678888105,88105100
2021-03-15,120.99588775634766,121.00564836102156,117.51209640376013,118.47819524715763,92403800
2021-03-16,122.5377197265625,124.14787681040363,121.70824712129857,122.66457779013874,115227900
2021-03-17,121.747314453125,122.82075031264465,119.38574662798862,121.05446033066085,111932600
2021-03-18,117.61943054199219,120.20543961497017,117.41450253253255,119.91268106136539,121229700
2021-03-19,117.09247589111328,118.49770511150997,116.78996416261775,117.00465278741832,185549500
2021-03-22,120.4103775024414,120.87878973760397,117.35596342731434,117.42427276940472,111912300
2021-03-23,119.58090209960938,121.23984748167706,119.19055981995824,120.35182605450146,95467100
2021-03-24,117.1900634765625,119.93221266793454,117.17054971237121,119.85414272084951,88530500
2021-03-25,117.6780014038086,118.72217030027896,116.12640013534126,116.65336116382848,98844700
2021-03-26,118.28302001953125,118.5465042288051,116.04831804624526,117.44378670396847,94071200
2021-03-29,118.45867919921875,119.61994551573255,117.81462072071783,118.7124028156756,80819200
2021-03-30,117.0046615600586,117.49258758203952,115.98977454091903,117.20958959587135,85671900
2021-03-31,119.20033264160156,120.53724522159463,118.2244805650353,118.71240660331843,118323800
2021-04-01,120.02978515625,121.1812907100269,119.5320985965673,120.67385099174045,75089100
2021-04-05,122.8597640991211,123.11348769511308,120.09810124646425,120.87878579790437,88651200
2021-04-06,123.16226959228516,124.06005156938677,122.61579490103361,123.44526754172878,80171300
2021-04-07,124.81147003173828,124.830983795515,122.11811647580448,122.79145672607788,83466700
2021-04-08,127.21208953857422,127.24136391246265,125.41652511857986,125.83613440452882,88844600
2021-04-09,129.78831481933594,129.82734234724018,126.34355848189794,126.66559142580684,106686700
2021-04-12,128.07083129882812,129.64195373047176,127.4755609392533,129.31992075985053,91420000
2021-04-13,131.18377685546875,131.4082335358879,128.7441468621112,129.2418409105608,91266500
2021-04-14,128.84173583984375,131.7400174141813,128.48067537183306,131.68146867778168,87222800
2021-04-15,131.25209045410156,131.7400164409198,130.41285716116144,130.5885182593821,89347100
2021-04-16,130.9203338623047,131.41801312050643,130.06157916706454,131.05695257379082,84922400
2021-04-19,131.58389282226562,132.1986844065799,130.1201146808097,130.28600775000282,94264200
2021-04-20,129.89564514160156,132.25720491889302,128.6270347117328,131.7595258175455,94812300
2021-04-21,130.27626037597656,130.5202234103885,128.12938865121586,129.16378953467097,68847100
2021-04-22,128.75390625,130.91053068046259,128.2367059174283,129.82733444067082,84566500
2021-04-23,131.07643127441406,131.85710086380988,128.96858764628234,128.96858764628234,78657500
2021-04-26,131.46681213378906,131.7985983145687,130.33481998608113,131.5741564734911,66905100
2021-04-27,131.1447296142578,132.14010267121745,130.8714922872991,131.7497529967639,66015800
2021-04-28,130.3543243408203,131.75955373687952,129.8663982944287,131.06669219926212,107760100
2021-04-29,130.25669860839844,133.76001800843707,129.2515724107939,133.17450095202088,151101000
2021-04-30,128.28550720214844,130.33478741572688,127.90492552746106,128.59777209122348,109839500
2021-05-03,129.33938598632812,130.83245288130888,128.64653957387134,128.85146010531835,75135100
2021-05-04,124.76268005371094,128.31478827842903,123.64044873461123,128.02202969252124,137564700
2021-05-05,125.00663757324219,127.29988066325254,124.87977205806523,126.08006575676235,84000900
2021-05-06,126.60704040527344,126.61679356449366,124.06005871360824,124.80170829812977,78128300
2021-05-07,127.2815170288086,128.30789005898956,126.56792436314103,127.90712250466862,78973300
2021-05-10,123.9970932006836,126.62658899435064,123.9579919211375,126.49952288698726,88071200
2021-05-11,123.0782241821289,123.43012073939632,120.0088375044798,120.72242271776828,126142800
2021-05-12,120.00886535644531,121.8368112224308,119.50056358215276,120.62470125465063,112172300
2021-05-13,122.15937805175781,123.31283969833798,121.4653471184995,121.77814989768362,105861300
2021-05-14,124.58361053466797,125.01371719694369,123.01959647794801,123.41060185657983,81918000
2021-05-17,123.43014526367188,124.07530523876078,122.3548860963308,123.96777857624596,74244600
2021-05-18,122.04207611083984,124.13394612750437,121.97365073488565,123.71361668726954,63342900
2021-05-19,121.88567352294922,122.1104965529405,120.09682917810171,120.39008503908883,92612000
2021-05-20,124.44673919677734,124.84752169451296,122.2864439727993,122.41352498808429,76857100
2021-05-21,122.6090316772461,125.12123109705438,122.39397836804899,124.94527906751188,79295400
2021-05-24,124.24146270751953,125.06257461018313,123.10755550398203,123.17598087438682,63092900
2021-05-25,124.04595947265625,125.4340286577924,123.47900216167147,124.94526644040783,72009500
2021-05-26,123.9970932006836,124.52494928784593,123.57676376782135,124.1046198549837,56575900
2021-05-27,122.46238708496094,124.76931006613658,122.26688817108727,123.5963016672836,94625600
2021-05-28,121.80746459960938,122.97070334084246,121.74881641359961,122.74587286479516,71311100
2021-06-01,121.48487854003906,122.53081339874824,121.152528892321,122.26688911719599,67637100
2021-06-02,122.24734497070312,122.42329699238253,121.26006567031901,121.4848886960278,59278900
2021-06-03,120.76155090332031,122.04208624153449,120.36076834102921,121.87591138010966,76229200
2021-06-04,123.05868530273438,123.32261707615766,121.0645647856299,121.27961809499506,75169300
2021-06-07,123.06847381591797,123.47902610369498,122.02253872592952,123.3323981558297,71057600
2021-06-08,123.88955688476562,125.57088194290174,123.37147802234419,123.75270614592999,74403800
2021-06-09,124.27078247070312,124.8768410573178,123.67450106746446,124.34898502209968,56877900
2021-06-10,123.27371978759766,125.30694127390441,123.10754496766629,124.16324952672848,71186400
2021-06-11,124.48583984375,124.57381958141005,123.26395290484824,123.68428231014268,53522400
2021-06-14,127.5454330444336,127.60408122686017,124.21212958862563,124.94526170017991,96906500
2021-06-15,126.72431945800781,127.66273505552941,126.47994210523352,127.01757526445893,62746300
2021-06-16,127.22288513183594,127.94624770017089,125.57090622064685,127.43793846524323,91815000
2021-06-17,128.82598876953125,129.56890564121335,126.73411873855628,126.8807541337841,96721700
2021-06-18,127.5259017944336,128.5522748841205,127.31084850130004,127.7702791806661,108953300
2021-06-21,129.32455444335938,129.43208112207495,126.30405262619024,127.36953476897939,79663300
2021-06-22,130.9667205810547,131.0644774987528,128.65979753012715,129.15833692853147,74783600
2021-06-23,130.69305419921875,131.2991204035654,130.2336234107885,130.76148704310285,60214200
2021-06-24,130.40957641601562,131.6119092053028,129.94036100724742,131.42617997045056,68711000
2021-06-25,130.11631774902344,130.87877412754855,129.8230618536797,130.45845211286021,70783700
2021-06-28,131.74871826171875,132.20814888176557,130.35088695244318,130.40953513106874,62111300
2021-06-29,133.2638702392578,133.4202753370262,131.3284056301101,131.76828191642397,64556100
2021-06-30,133.8797149658203,134.319591281627,132.81421821699357,133.1074740660687,63261400
2021-07-01,134.18272399902344,134.24137217848602,132.70667520970073,133.52779446900757,52485800
2021-07-02,136.812255859375,136.85134968212856,134.65195299080864,134.79857347065126,78852600
2021-07-06,138.82594299316406,139.93051890084107,136.91980190719306,136.91980190719306,108181800
2021-07-07,141.3185577392578,141.63135302793145,139.45151098591106,140.3117092164722,104911600
2021-07-08,140.01849365234375,140.82004384366806,137.5062865843974,138.3958239838689,105575500
2021-07-09,141.84642028808594,142.37426891530228,139.44174008149082,139.53949700886304,99890800
2021-07-12,141.2501220703125,143.02919651124512,140.76136732266437,142.92166987013806,76299700
2021-07-13,142.36448669433594,144.1435611902038,140.3996979177406,140.79069576168808,100827100
2021-07-14,145.79550170898438,146.20606872827332,144.35856188829638,144.7691289075853,127050800
2021-07-15,145.14059448242188,146.62641297695922,143.7818569854598,145.88351118749557,106820300
2021-07-16,143.09764099121094,146.3918438290554,142.59911642566018,145.12109318169695,93251400
2021-07-19,139.2462158203125,140.82979124521293,138.48375965542388,140.51698106699695,121434600
2021-07-20,142.86300659179688,143.79165254365046,139.7447638348333,140.2335185818673,96350000
2021-07-21,142.12989807128906,142.8434908596877,141.3772263751189,142.25697909961474,74993500
2021-07-22,143.4984130859375,144.86692056753935,142.53067320676791,142.65775422849268,77338200
2021-07-23,145.21884155273438,145.375246687613,143.61572620926512,144.2315621055905,71447400
2021-07-26,145.63914489746094,146.46024929276885,144.37814929731337,144.93533686845095,72434100
2021-07-27,143.46908569335938,145.85421146271116,142.27652280868347,145.76622426436333,104818600
2021-07-28,141.71934509277344,143.66459466880622,139.33421915670488,141.5531702418983,118931200
2021-07-29,142.36448669433594,143.25402394226987,141.3283289838246,141.43585562825191,56699500
2021-07-30,142.57958984375,143.0390206746392,140.86894757594203,141.13287941649085,70440600
2021-08-02,142.24722290039062,143.64505468245218,141.9832910916965,143.06832751008895,62880000
2021-08-03,144.04583740234375,144.71053687305948,141.91485839054755,142.53069430623984,64786600
2021-08-04,143.64503479003906,144.4661392860283,142.99010513855148,143.9578450260043,56368300
2021-08-05,143.7525634765625,144.51501979299104,142.88258050445233,143.67436091646556,46397700
2021-08-06,143.06727600097656,144.01688208379585,142.56800458197282,143.2728671370131,54126800
2021-08-09,143.018310546875,143.6154852947151,142.46030312496822,143.12599828625463,48908700
2021-08-10,142.5386505126953,144.60428668695926,142.2449552630066,143.36098526145494,69023100
2021-08-11,142.7931671142578,143.6350854630747,142.4701038589951,142.97917458892059,48493500
2021-08-12,145.7594451904297,145.91608462298464,142.77357136091953,143.11621825238865,72282600
2021-08-13,145.9650421142578,146.29788971819715,145.15249183078768,145.83777070300374,59375000
2021-08-16,147.9425811767578,148.01111654322713,143.3903569726172,145.41682586535111,103296000
2021-08-17,147.03213500976562,148.49079698288415,145.95525743273268,147.07128740440294,92229700
2021-08-18,143.2826690673828,147.55099731267805,143.07707790614015,146.65034281258323,86326000
2021-08-19,143.615478515625,144.88814766514,141.46173876765357,141.9805937770935,86960300
2021-08-20,145.0741729736328,145.37765255184942,143.6938159198485,144.33994240518913,60549600
2021-08-23,146.5622100830078,147.03211343952145,144.78047016020776,145.191637464402,60131800
2021-08-24,146.47409057617188,147.68802375922274,146.0139715839325,146.3076667825046,48606400
2021-08-25,145.24063110351562,147.15942734858208,144.69240787291454,146.66014088374254,58991300
2021-08-26,144.43783569335938,145.98461660195343,144.4084676646739,145.23081728174643,48597200
2021-08-27,145.47555541992188,145.62239555790586,143.7427671019152,144.37909428379132,55802400
2021-08-30,149.9005126953125,150.26274327805922,145.48534478526688,145.86714409511154,90956700
2021-08-31,148.63763427734375,149.5872403166816,148.1089799162903,149.45018454491938,86453100
2021-09-01,149.30332946777344,151.72139660647437,149.13690566906416,149.61660833919711,80313700
2021-09-02,150.4193878173828,151.46689743705474,149.19567000260434,150.63476334782075,71115500
2021-09-03,151.0557098388672,151.37877309131167,149.87114457990415,150.5270554483364,57808700
2021-09-07,153.3954620361328,153.9534695341939,151.14381850232894,151.71162530218976,82278300
2021-09-08,151.84869384765625,153.7381069467454,150.74244818444078,153.67937088285103,74420200
2021-09-09,150.83055114746094,152.82765179688866,150.7130640942289,152.2206926173688,57305700
2021-09-10,145.83778381347656,152.21090030495253,145.57345660401688,151.74099688432676,140893200
2021-09-13,146.40557861328125,148.2362553872636,145.6223963511956,147.462872426403,102404300
2021-09-14,145.0056610107422,147.8936469962392,143.8211105344737,147.18878434178126,109296300
2021-09-15,145.89649963378906,146.29788257432963,143.2924251085685,145.4363806410637,83281300
2021-09-16,145.66152954101562,145.83775262228568,144.1245481851662,145.31889761636606,68034100
2021-09-17,142.98898315429688,145.69096176910773,142.69528787817018,145.69096176910773,129868800
2021-09-20,139.93453979492188,141.79458433792297,138.29965507938874,140.77645799540764,123478900
2021-09-21,140.41427612304688,141.55968919492042,139.77794880575027,140.90376327110957,75834000
2021-09-22,142.78338623046875,143.35117809396385,140.67858283814957,141.41281345310648,76404300
2021-09-23,143.74276733398438,143.98751085632557,142.57778577756685,143.56654423015996,64838200
2021-09-24,143.83087158203125,144.36931031939181,142.4994662214484,142.59736960568088,53477900
2021-09-27,142.31346130371094,142.8910673802959,140.7960633866369,142.41136468969736,74150700
2021-09-28,138.9262237548828,141.7065067266194,138.71084824910437,140.23804551701713,108972300
2021-09-29,139.8268585205078,141.41279162385416,139.0436763311914,139.4744272822133,74602000
2021-09-30,138.52487182617188,141.34432276080332,138.3094962721118,140.63946002714547,89056700
2021-10-01,139.6506805419922,139.91500779058484,136.18511802762384,138.91644980320578,94639600
2021-10-04,136.2144775390625,139.21993567866247,135.36277471551017,138.7793853125862,98322000
2021-10-05,138.1429901123047,139.24923525919735,136.42978600451022,136.55705737552034,80861100
2021-10-06,139.0143280029297,139.16116814887556,135.46064709144002,136.53752462157624,83221100
2021-10-07,140.2771759033203,141.18762947818155,139.71916849895038,140.05201606913297,61732700
2021-10-08,139.89540100097656,141.14848672637,139.5625533728477,141.00164657806616,58773200
2021-10-11,139.8073272705078,141.7652760088396,138.8283529013419,139.27868768386213,64452200
2021-10-12,138.5346221923828,140.23804253698972,138.07450316144806,140.2184588719824,73035900
2021-10-13,137.947265625,138.42695344884726,136.27321307906425,138.2703289211617,78762700
2021-10-14,140.7373504638672,140.85483754642485,138.534658124945,139.12204872384297,69907100
2021-10-15,141.79461669921875,141.85335275996707,140.49257924677562,140.74712209396571,67940300
2021-10-18,143.46865844726562,143.75255436574946,140.14993682023066,140.4338327387145,85589200
2021-10-19,145.63217163085938,146.03355456911197,143.4686473852741,143.91896707476286,76378900
2021-10-20,146.12168884277344,146.6013915952755,145.00565881312252,145.57346566160615,58418800
2021-10-21,146.33702087402344,146.49366029007413,144.7608722276611,145.68111012451274,61421000
2021-10-22,145.5636749267578,147.02233691182352,145.5147232295898,146.54264911827497,58883400
2021-10-25,145.51470947265625,146.2293563822722,144.51615170908323,145.55386186391277,50720600
2021-10-26,146.18043518066406,147.66846521408038,145.87694062980856,146.19021954502938,60893400
2021-10-27,145.72032165527344,146.58180882899126,145.36789033121931,146.2195931401995,56094900
2021-10-28,149.36212158203125,149.9494972207288,146.57203874983847,146.66994215860282,100077900
2021-10-29,146.6503448486328,146.787400645377,143.33162275650557,144.12458950466566,124953200
2021-11-01,145.8280029296875,146.55243427503285,144.692389276276,145.85737096055496,74588300
2021-11-02,146.86572265625,148.3831357467227,145.52451776234176,145.5343170652365,69122000
2021-11-03,148.30482482910156,148.77472831916785,146.66993951040288,147.2279471039886,54511500
2021-11-04,147.78591918945312,149.22499720293538,147.47264034437023,148.3928782793543,60394600
2021-11-05,148.3153533935547,149.2173222899692,147.11926062749689,148.9133997765836,65463900
2021-11-08,147.49179077148438,148.59965065610152,147.21727920074434,148.44278262717617,55020900
2021-11-09,147.8545684814453,148.46241353148417,147.1192662590711,147.2565220755238,56787900
2021-11-10,145.0211944580078,147.18789143862284,144.9525740344218,147.080046521764,65187100
2021-11-11,144.97216796875,146.50159405628088,144.7858890294142,146.0408184691879,41000000
2021-11-12,147.0506591796875,147.45261306165483,144.58983794450572,145.52121785210946,63804000
2021-11-15,147.06044006347656,148.9036023660625,146.5016032105498,147.42318436184277,59222800
2021-11-16,148.04086303710938,148.52126592519502,146.41339035642437,147.00163818021238,59256200
2021-11-17,150.48207092285156,151.96247415653912,148.03106327516545,148.04086192024133,88807000
2021-11-18,154.77618408203125,155.56050930807018,150.05065040073163,150.6977198341957,137827700
2021-11-19,157.40370178222656,157.86449238063588,153.4624776050976,154.56052415802415,117305600
2021-11-22,157.86447143554688,162.45274960273852,157.84485918977177,158.5115259485219,117467900
2021-11-23,158.24681091308594,158.62916738585517,155.94285847475925,157.96248573911777,96041900
2021-11-24,158.7664337158203,158.9625112862029,156.51150425702141,157.5997519763684,69463600
2021-11-26,153.73696899414062,157.30563478087385,153.29579070221752,156.44289044282164,76959800
2021-11-29,157.09976196289062,158.0311417015208,155.67816582735122,156.24680128961487,88748200
2021-11-30,162.0605926513672,162.27628247322406,156.78602057829323,156.85465595786593,174048100
2021-12-01,161.541015625,166.9626433245141,161.3057135061921,164.19789952763372,152052500
2021-12-02,160.55079650878906,160.98217624012287,154.70760276553068,155.6291840170596,136739200
2021-12-03,158.6683807373047,161.72724755293552,156.58993165162352,160.8056665553949,118023100
2021-12-06,162.08021545410156,164.59004449763117,161.06058805531697,161.0703866988541,107497000
2021-12-07,167.82534790039062,168.21751800507252,165.0410074760686,165.76651094991018,120405400
2021-12-08,171.64892578125,172.51168504122978,167.35475668604474,168.7567404835119,116998900
2021-12-09,171.13912963867188,173.28621440591945,170.5116723744327,171.48227664120193,108923700
2021-12-10,175.93328857421875,176.10976886642817,171.26657639018677,171.77639006130698,115402700
2021-12-13,172.29603576660156,178.56081059859196,172.09014454574864,177.57059395318785,153237000
2021-12-14,170.9136199951172,174.25679709582377,168.8351708696383,171.81558876579217,139380400
2021-12-15,175.78623962402344,175.98231720834798,168.9332180976385,171.67834915746462,131063300
2021-12-16,168.88418579101562,177.59016769208043,167.40378290602789,175.7666178333374,150185800
2021-12-17,167.78614807128906,170.07048857395336,166.36456688905028,166.59985400570397,195432700
2021-12-20,166.42340087890625,167.23713712314685,164.17828470413107,164.98220734461725,107499100
2021-12-21,169.5998992919922,169.80577551895627,165.8057299805719,168.19791539703556,91185900
2021-12-22,172.19796752929688,172.4136573675495,168.77635596770887,169.64891396436306,92135300
2021-12-23,172.825439453125,173.38427634319635,171.83523780972868,172.40387334427473,68356600
2021-12-27,176.7960662841797,176.8842989595941,173.5999580433746,173.61955533140323,74919600
2021-12-28,175.77645874023438,177.77648936801128,175.03135779720262,176.6294195784467,79144300
2021-12-29,175.86468505859375,177.0901887398254,174.6489800212977,175.8156619193921,62348900
2021-12-30,174.70774841308594,177.03131285524907,174.59990352370488,175.95286396143857,59773000
2021-12-31,174.0901336669922,175.7175909576372,173.7861962305415,174.59993235574382,64062300
2022-01-03,178.443115234375,179.2960758764328,174.22739499699918,174.34503855048575,104487900
2022-01-04,176.1783905029297,179.35490114678188,175.60975505040156,179.05097865451486,99310400
2022-01-05,171.4920654296875,176.6391804132829,171.21755382734324,176.09015720859438,94537600
2022-01-06,168.6292724609375,171.86460451754675,168.27632687367543,169.3155513917919,96904000
2022-01-07,168.79600524902344,170.7274006136449,167.67834627820696,169.50189670004065,86709100
2022-01-10,168.81556701660156,169.119489502726,164.87434342032694,165.7665135929736,106765600
2022-01-11,171.64892578125,171.74695708640064,167.47241519588906,168.9430194109857,76138300
2022-01-12,172.09011840820312,173.70777719583765,171.39404073246158,172.66855252404713,74805200
2022-01-13,168.81556701660156,173.15874440691425,168.42339690566672,172.33520961359125,84505800
2022-01-14,169.67832946777344,170.37440711806423,167.7371210418755,167.9822217558743,80440800
2022-01-18,166.47242736816406,169.1587219328493,166.0900708080933,168.14890807010434,90956700
2022-01-19,162.9723358154297,167.72729487050043,162.6880256161482,166.6684581646365,94815000
2022-01-20,161.28604125976562,166.35472137545779,160.96250657666727,163.70763710254855,91420500
2022-01-21,159.2272491455078,163.070426973366,159.1194042209609,161.19785371976124,122848900
2022-01-24,158.4526824951172,159.1193641224276,151.66829748176758,156.88404712218124,162294600
2022-01-25,156.64877319335938,159.5703696285005,153.942866591661,155.86444788627315,115798400
2022-01-26,156.560546875,161.1684376714049,154.72719817611775,160.29587965880856,108275300
2022-01-27,156.09974670410156,160.62920319221885,155.17816560951687,159.26644379654334,121954600
2022-01-28,166.9920196533203,167.01163189910224,159.6095873711376,162.4625632621154,179935700
2022-01-31,171.3548126220703,171.57050245050323,166.18808530239932,166.8253561445004,115541600
2022-02-01,171.18814086914062,171.41362933410613,168.93321134020488,170.59989317993646,86213900
2022-02-02,172.39402770996094,172.4332522000971,169.93322202538937,171.3253922300273,84914300
2022-02-03,169.51165771484375,172.78621481447524,168.74694463929947,171.0606961129302,89418100
2022-02-04,169.2269744873047,170.9056058671137,167.54834310749567,168.52999503096257,82465400
2022-02-07,168.51039123535156,170.75836779564654,167.81341170266444,169.68837067678015,77251200
2022-02-08,171.62222290039062,172.1326861402394,168.28459707531294,168.57909567441112,74829200
2022-02-09,173.04559326171875,173.40879966630814,171.6909088658484,172.81981752201338,71285000
2022-02-10,168.9619140625,172.26026492516206,168.4023802889261,170.9448550221314,90865900
2022-02-11,165.54580688476562,169.9043445353418,164.95680964270105,169.1681054721721,98670700
2022-02-14,165.78140258789062,166.46855602542965,163.50396264767951,164.2990984096048,86185500
2022-02-15,169.61965942382812,169.77672735442647,167.1262696855739,167.83306039444423,62527400
2022-02-16,169.38404846191406,170.1595469185717,166.92991856527323,168.69689508661867,61177400
2022-02-17,165.78140258789062,168.75580709374077,165.37892165346722,167.89194849865083,69589300
2022-02-18,164.23036193847656,167.410904431975,163.14072775638053,166.70412886139007,82772700
2022-02-22,161.3050537109375,163.6315640117695,159.17485582320555,161.95293260639133,91162800
2022-02-23,157.1330108642578,163.10144062873755,156.81887509832848,162.5026324314003,90009200
2022-02-24,159.7540283203125,159.8620106235458,149.21108200225234,149.7804418757718,141147500
2022-02-25,161.8253173828125,162.0903526039813,157.91833214045107,160.8338394038589,91974200
2022-02-28,162.0903778076172,162.38487641130448,159.44973145996255,160.06817702982372,95056600
2022-03-01,160.2056121826172,163.5432381527931,158.99818435052663,161.67809026330085,83474400
2022-03-02,163.5039520263672,164.2892766091773,159.96018776566925,161.37376901896334,79724800
2022-03-03,163.1800079345703,165.81084308627598,162.51249176371445,165.3789138092183,76678400
2022-03-04,160.1761474609375,162.51248390357455,159.1257876596409,161.4719352294381,83737200
2022-03-07,156.37716674804688,161.99221739182056,156.121927641353,160.3626714753167,96418800
2022-03-08,154.55126953125,159.89145798739116,152.94136109775025,155.90595387633803,131148300
2022-03-09,159.96017456054688,160.4117410265014,156.4851334154229,158.51714506516998,91454900
2022-03-10,155.6114959716797,157.4471806159037,153.11809123534883,157.26066431923064,105342000
2022-03-11,151.8910369873047,156.35755738354283,151.66526118091176,156.01397313043856,96970100
2022-03-14,147.8564453125,151.29222791354923,147.34599696795414,148.67121841249335,108732100
2022-03-15,152.24441528320312,152.7156190595178,147.6208424416319,148.1312907310734,92964300
2022-03-16,156.66183471679688,157.06431562049127,151.62597028281274,154.16844529700253,102300200
2022-03-17,157.6729278564453,158.04596038224682,154.73779817864818,155.6998128738619,75615400
2022-03-18,160.97128295898438,161.4621089351798,156.8287105215893,157.56494948588247,123511700
2022-03-21,162.34559631347656,163.29779985653147,160.01907112060528,160.509897071507,95811400
2022-03-22,165.72247314453125,166.31145526950652,161.8842108013452,162.4731929263205,81532000
2022-03-23,167.08700561523438,169.4724129582103,164.57396373096856,164.90773681905242,98062700
2022-03-24,170.8761749267578,170.94488277941835,167.08699751675573,167.9213927494687,90131400
2022-03-25,171.51422119140625,172.0639438588756,169.58036574981767,170.6896371902022,80546200
2022-03-28,172.37811279296875,172.5057173789197,168.8441592815926,169.01103833923784,90371900
2022-03-29,175.6764373779297,175.7255079917634,173.10449911531725,173.44808328507239,100589400
2022-03-30,174.50828552246094,176.31452166228107,173.45791066079582,175.27397290735905,92633200
2022-03-31,171.40626525878906,174.7635134764267,171.20011173735605,174.5769971900877,103049300
2022-04-01,171.1117401123047,171.67128888454906,168.78522990497535,170.8368787788995,78751300
2022-04-04,175.16598510742188,175.21507070313862,171.2393771112145,171.3669966643139,76468400
2022-04-05,171.84799194335938,175.0285497272662,171.21973527998745,174.2432251533462,73401800
2022-04-06,168.67726135253906,170.44423791053993,167.00845598396842,169.19753570311426,89058800
2022-04-07,168.98155212402344,170.179168602463,166.73357593477996,168.01953748650962,77594700
2022-04-08,166.96920776367188,168.6282022656161,166.09553796415852,168.6282022656161,76575500
2022-04-11,162.7088165283203,165.928633841103,162.46340353204835,165.61451299486157,72246700
2022-04-12,164.58375549316406,166.7531977294746,163.58246639550293,164.93715076417277,79265200
2022-04-13,167.2735137939453,167.90177054609936,163.71012681510052,164.31874633095592,70618900
2022-04-14,162.2572784423828,168.12756912608722,162.01186540312898,167.48948623673334,75329400
2022-04-18,162.04132080078125,163.54324732904448,160.5688426374783,160.91241188828883,69023900
2022-04-19,164.32852172851562,164.74082870702364,160.90256619104744,161.99220039694603,67723800
2022-04-20,164.1616668701172,165.7814017275046,163.05241024771163,165.66359329680822,67929800
2022-04-21,163.36651611328125,168.38275818896258,162.865879009956,165.81083486701775,87227800
2022-04-22,158.82147216796875,164.78991818851023,158.53679967564108,163.40580023778472,84882400
2022-04-25,159.8914794921875,160.17615197605645,155.55257953271186,158.16376241881838,96046400
2022-04-26,153.92303466796875,159.36138008917553,153.84450071149385,159.27303500519898,95623200
2022-04-27,153.69725036621094,156.85815581050312,152.52908216912786,153.0493564954022,88063200
2022-04-28,160.63751220703125,161.5013706501521,156.0139252856425,156.3280610754388,130216800
2022-04-29,154.7574462890625,163.15057467016825,154.36479144385027,158.87057095053723,131747600
2022-05-02,155.06173706054688,155.32677228255127,150.45778736143095,153.8346722144635,123055300
2022-05-03,156.55386352539062,157.76130632227486,153.4518544553603,155.24826451156082,88966500
2022-05-04,162.97386169433594,163.42541320530594,156.33788489489382,156.74036579119067,108256500
2022-05-05,153.8936004638672,161.06947475751667,152.10698649205247,160.84369897364428,130525300
2022-05-06,154.62106323242188,156.74455042350417,151.57346504147074,153.3725293282909,116124600
2022-05-09,149.4893035888672,153.19557297112254,148.92894768803646,152.31077917916164,131577900
2022-05-10,151.8979034423828,154.09021465537515,150.3446125608553,152.89083834180113,115366700
2022-05-11,144.02333068847656,152.8220226348079,143.34499314721714,150.9049915404857,142689800
2022-05-12,140.14991760253906,143.7283801675573,136.45348852465227,140.3563740008872,182602000
2022-05-13,144.6230010986328,145.59626984264398,140.69062395231782,142.14559929622243,113990900
2022-05-16,143.0795135498047,145.0260507341931,141.74250492858002,143.08935409166563,86643800
2022-05-17,146.71702575683594,147.2380646317424,144.20029128457014,146.34344505375913,78336300
2022-05-18,138.4393310546875,144.86876045778243,137.53487119903903,144.3673878211131,109742900
2022-05-19,135.02801513671875,139.26514939022877,134.29069437332384,137.5152426451712,136095600
2022-05-20,135.26393127441406,138.3213549245238,130.36812621760984,136.73857261689477,137426100
2022-05-23,140.69061279296875,140.8380709239281,135.32291181364158,135.46054440281267,117726300
2022-05-24,137.9871063232422,139.56988862899178,135.00833201503448,138.4294957252956,104132700
2022-05-25,138.1444091796875,139.39292808535322,136.00125589921703,136.08973078213927,92482700
2022-05-26,141.34930419921875,141.89983463413682,134.82155832650707,135.0673319135833,90601500
2022-05-27,147.1102294921875,147.1495466635664,142.80427168601537,142.93207874444667,90978500
2022-05-31,146.32374572753906,148.11298447709316,144.35755721198225,146.5498682074242,103718400
2022-06-01,146.19598388671875,149.17475890329976,145.18338279118626,147.36585369453903,74286600
2022-06-02,148.65370178222656,148.712685042506,144.37723540201858,145.33083811208033,72348100
2022-06-03,142.92225646972656,145.46846714813478,142.01781149904664,144.4165490295479,88570300
2022-06-06,143.6693878173828,146.05831455755788,142.45034559186539,144.54434106770898,71598400
2022-06-07,146.19598388671875,146.48107468002564,141.66391782175316,141.9096914369881,67808200
2022-06-08,145.4586181640625,147.3363166045176,144.96707108524492,146.06813174153186,53950200
2022-06-09,140.2285614013672,145.4487894010345,140.12042043523653,144.5935022148915,69473000
2022-06-10,134.8117218017578,138.38034379484614,134.7428980025847,137.9084627463307,91437900
2022-06-13,129.65049743652344,132.9143631237499,129.21793348983346,130.6237513157455,122207100
2022-06-14,130.51559448242188,131.62649584691928,129.25723497256138,130.87934957569854,84784300
2022-06-15,133.14047241210938,135.0181863871141,129.9257644034857,132.0197453538818,91533000
2022-06-16,127.86124420166016,130.1518557555823,126.85848380018383,129.84709891808183,108123900
2022-06-17,129.3358612060547,130.83016848230756,127.6154464803719,127.87106055443051,134520300
2022-06-21,133.57302856445312,134.74291327638406,131.06614989697803,131.1644503344464,81000500
2022-06-22,133.0618133544922,135.4310591073431,131.64615522779903,132.5112679712454,73409200
2022-06-23,135.93247985839844,136.24706229598306,133.3371109947913,134.50699584255014,72433800
2022-06-24,139.26516723632812,139.51094085562102,137.40711927450707,137.53491135597412,89116800
2022-06-27,139.26516723632812,141.0642319296519,138.5868296469467,140.28757889222084,70207900
2022-06-28,135.1165008544922,140.995401345449,134.99853432316218,139.7272161311599,67083400
2022-06-29,136.87620544433594,138.29186353568556,134.35948661563768,135.13613945781051,66242400
2022-06-30,134.40866088867188,136.0307605677301,131.50853555295868,134.9296996947126,98964500
2022-07-01,136.58128356933594,136.68942454210836,133.36657601668242,133.74014164921843,71051600
2022-07-05,139.16683959960938,139.2159973193288,134.61510776869383,135.44091845782265,73353800
2022-07-06,140.50384521484375,141.68355545577728,138.69495517869038,138.96039485817002,74064300
2022-07-07,143.8758544921875,144.07247034886072,140.857747839313,140.86757338185674,66253700
2022-07-08,144.55419921875,145.05558698146706,142.54869317037367,142.80429232334566,64547800
2022-07-11,142.42086791992188,144.1609490492264,141.34929872199137,143.20734636825597,63141600
2022-07-12,143.39414978027344,145.94036067600746,142.59784571642712,143.29583433994398,77588800
2022-07-13,143.03041076660156,143.97417299746286,139.71737241231898,140.57267474752288,71185600
2022-07-14,145.96002197265625,146.43190306892052,140.82826817318988,141.64423829848138,78140700
2022-07-15,147.63124084472656,148.30957818143008,145.69454424604356,147.2478347414801,76259900
2022-07-18,144.58370971679688,149.0076347954927,144.21995456531678,148.19166459198905,81420900
2022-07-19,148.44725036621094,148.67335787183444,144.42639797966964,145.41931789638997,82982400
2022-07-20,150.45274353027344,151.1212554478555,147.8278835762641,148.56520429371037,64823400
2022-07-21,152.7237091064453,152.93999105761137,149.37135386420036,151.8880729314102,65086600
2022-07-22,151.48504638671875,153.63802600452587,150.81654924555798,152.7630723928105,66675400
2022-07-25,150.36427307128906,152.4189365975324,149.70560167774437,151.40635064916066,53623900
2022-07-26,149.03712463378906,150.5019257638896,148.25064607355188,149.6859555702162,55138700
2022-07-27,154.13937377929688,154.67025318814936,149.58765663017232,150.00055450326258,78620700
2022-07-28,154.68988037109375,154.97497109241723,151.79958098557822,154.32612531182656,81378700
2022-07-29,159.76268005371094,160.86375608227763,156.80357104125676,158.51416085291524,101786900
2022-08-01,158.77957153320312,160.82440969031893,158.17005780397355,158.28802433199732,67829400
2022-08-02,157.30490112304688,159.66433625726012,156.93133551910432,157.39339100369006,59907000
2022-08-03,163.3214569091797,163.77367187577843,158.0324049028353,158.12087978749662,82507500
2022-08-04,163.00685119628906,164.36352602829535,161.65017636428277,163.2034670413035,55474100
2022-08-05,162.7804412841797,163.2726712063917,160.46695464111716,160.67369781797885,56697000
2022-08-08,162.307861328125,165.2021751674924,161.64827515043405,163.78455083623797,60276900
2022-08-09,162.3571319580078,163.2431549194952,160.71308565619225,161.47112401818703,63135500
2022-08-10,166.61000061035156,166.70843758837208,164.30635300401312,165.07423053223724,70170500
2022-08-11,165.8716583251953,168.3328081399825,165.5763173430876,167.41725259761515,57149200
2022-08-12,169.42555236816406,169.4944567489093,166.76749865896252,167.18098503009688,68039400
2022-08-15,170.4986114501953,170.69550042466776,168.6872088503834,168.85456522976827,54091700
2022-08-16,170.34107971191406,171.01052019393777,168.99237457923107,170.09496475942944,56377100
2022-08-17,171.83746337890625,173.41259006684885,169.8882371550574,170.08512611334214,79542000
2022-08-18,171.44369506835938,172.18204003423804,170.4297025169527,171.04991709522415,62290100
2022-08-19,168.85455322265625,171.04005523372263,168.6478100500787,170.34108214913311,70346300
2022-08-22,164.9659423828125,167.22034880392278,164.54261684090196,167.05299243394208,69026800
2022-08-23,164.6312255859375,166.0882370598649,164.06023703885776,164.4835626089626,54147100
2022-08-24,164.92657470703125,165.4975632823113,163.66646716905697,164.71984652905635,53841500
2022-08-25,167.3876953125,167.49598648924476,165.7338100913049,166.15712058661168,51218200
2022-08-26,161.0773162841797,168.3918608006587,161.01825109648692,167.91932427745144,78961000
2022-08-29,158.8721466064453,160.36851486839709,157.33639153558275,158.645710009374,73314000
2022-08-30,156.44052124023438,160.0337937500244,155.26901159376436,159.61048321715364,77906200
2022-08-31,154.7767791748047,158.084564879281,154.69802058402368,157.81875651310324,87991100
2022-09-01,155.50527954101562,155.95812264539694,152.26639832599292,154.20578537018633,74229900
2022-09-02,153.38865661621094,157.86795105587828,152.5617141102711,157.2674300647801,76957800
2022-09-06,152.12857055664062,154.64878522236114,151.30162793601315,154.03842495785005,73714800
2022-09-07,153.53636169433594,154.2353197614945,151.22287508520006,152.41407808901712,87449600
2022-09-08,152.0596923828125,153.9301603024717,150.3073398300262,152.2368879656222,84923800
2022-09-09,154.92446899414062,155.36748802177217,152.34518854112125,153.05400095933032,68028800
2022-09-12,160.89022827148438,161.7073315575933,156.8244202610404,157.10990694092825,104956000
2022-09-13,151.44932556152344,158.04520467768552,150.98662815133733,157.4151508670422,122656600
2022-09-14,152.89646911621094,154.65866080063967,151.22289024182777,152.38454574724284,87965400
2022-09-15,150.00213623046875,152.82754609590185,149.02753063381346,152.24670339235885,90481100
2022-09-16,148.3580780029297,148.9979858391176,146.06428503412624,148.8601620780663,162278800
2022-09-19,152.079345703125,152.15810428972742,146.78296219367604,146.989690339551,81474200
2022-09-20,154.4617156982422,155.62338591622526,150.70108758267182,151.0161068647548,107689800
2022-09-21,151.33116149902344,156.27315389590652,151.21303113007994,154.8949011643533,101696800
2022-09-22,150.3663787841797,152.06948984550405,148.56481574497693,150.01197269414533,86652500
2022-09-23,148.09231567382812,149.11616252111207,146.25138021755967,148.8405149133821,96029900
2022-09-26,148.42701721191406,151.38039679019585,147.31457276382835,147.3342661670832,93339400
2022-09-27,149.401611328125,152.3156188966605,147.6197415235521,150.36639273150132,84442700
2022-09-28,147.51145935058594,148.29903022974963,142.58916013289422,145.34565069913458,146691400
2022-09-29,140.2658233642578,144.43993818318944,138.49379277972724,143.82957793472042,128138200
2022-09-30,136.05235290527344,140.8762153477741,135.85546393289223,139.0844911492741,124925300
2022-10-03,140.236328125,140.84670355770672,135.5503037948178,136.06222721595856,114311700
2022-10-04,143.82960510253906,143.9477354899333,142.01818737304887,142.77622574271777,87830100
2022-10-05,144.12493896484375,145.08972058696108,140.78762014316808,141.8311603684175,79471000
2022-10-06,143.17001342773438,145.24722466977872,142.9632852357701,143.54411304208395,68402200
2022-10-07,137.91297912597656,140.8762129387206,137.28292541213156,140.32490279514894,85925600
2022-10-10,138.2378692626953,139.68502664208134,136.4166273038199,138.2378692626953,74899000
2022-10-11,136.82025146484375,139.15343196264072,136.0720672460081,137.72595289448736,77033700
2022-10-12,136.19017028808594,138.17878336551573,136.01297472776957,136.9679019716922,70433700
2022-10-13,140.76791381835938,141.35858069211028,132.2818600306571,132.8922353283637,113224000
2022-10-14,136.22955322265625,142.27413585110418,136.04250345541635,142.0673926816115,88598000
2022-10-17,140.19692993164062,140.67930564113678,138.09018646721276,138.87775734642221,85250900
2022-10-18,141.51612854003906,144.42028260835326,138.42492466357902,143.22909439068937,99136600
2022-10-19,141.62440490722656,142.69746261645687,139.30107889163025,139.488128680181,61758300
2022-10-20,141.1616973876953,143.6228470143876,140.43319169039492,140.7974520498777,64522000
2022-10-21,144.98141479492188,145.5524033439164,140.43319980718348,140.6497821885837,86548600
2022-10-24,147.12753295898438,147.89541049964913,143.73114921809554,144.90265893368223,75981900
2022-10-25,149.9725799560547,150.12025791702487,147.03889439572563,147.75754573646154,74732300
2022-10-26,147.02911376953125,149.6280876881736,145.73945849202812,148.6140950432804,88194300
2022-10-27,142.54978942871094,146.73374379544853,141.8902031311427,145.76897734753766,109180200
2022-10-28,153.31979370117188,155.05243775655637,145.52287291944214,145.89695747516933,164762400
2022-10-31,150.95706176757812,151.84308459846838,149.55913065750443,150.7798662143987,97943200
2022-11-01,148.30886840820312,153.0342786292701,146.81250027183614,152.67003329657965,80379300
2022-11-02,142.77621459960938,149.80525751264736,142.7466820050657,146.63529551052576,93604600
2022-11-03,136.7218017578125,140.58088293366475,136.59381715822644,139.85237716768756,97918500
2022-11-04,136.45553588867188,140.68586767189302,132.51116441667403,140.11393200286335,140814800
2022-11-07,136.98802185058594,137.21481900121177,133.7832199726521,135.2031961352515,83374600
2022-11-08,137.55996704101562,139.46311921929427,135.57792562085092,138.457315240062,89908500
2022-11-09,132.99435424804688,136.6231842073022,132.71824941976038,136.57387654941147,74917800
2022-11-10,144.82745361328125,144.82745361328125,137.55995404597397,139.27576104009148,118854000
2022-11-11,147.6181182861328,147.92380470701315,142.36224081918826,143.79208769866335,93979700
2022-11-14,146.21788024902344,148.19006640295856,145.3796951149665,146.89828687958484,73374100
2022-11-15,147.953369140625,151.45400187502815,146.49395589081533,150.1030594439155,89868300
2022-11-16,146.72076416015625,147.7857463571914,145.24162472759372,147.05604720027458,64218300
2022-11-17,148.6239471435547,149.3733724520642,144.11749463891493,144.39359949187033,80389400
2022-11-18,149.1859893798828,150.57638399086812,147.88435456599078,150.1918083587428,74829600
2022-11-21,145.95159912109375,148.27877887780713,145.66563881154514,148.07170780282644,58724100
2022-11-22,148.09144592285156,148.32811366985848,144.8866435342383,146.06996722268715,51804100
2022-11-23,148.96908569335938,149.71851100166924,147.2631338671993,147.3716047055876,58301400
2022-11-25,146.0502166748047,146.80951240345237,145.07397930940053,146.2474322409697,35195900
2022-11-28,142.21434020996094,144.6006835742159,141.3860256630134,143.12154400613,69246000
2022-11-29,139.2067413330078,142.79611910491008,138.39815293017466,142.28334655275705,83763800
2022-11-30,145.97134399414062,146.65175056417294,138.59537264763534,139.43354266054223,111380900
2022-12-01,146.24745178222656,147.05605527210508,144.5710966759583,146.1488515092609,71250400
2022-12-02,145.75439453125,145.94175459663157,143.62443017730817,143.93013162674256,65447400
2022-12-05,144.59078979492188,148.82112121960265,143.7427493984544,145.7149349673014,68826400
2022-12-06,140.92254638671875,145.25149381357704,139.94630895435972,145.02469664926164,64727200
2022-12-07,138.97991943359375,141.37611767720244,138.05298980885266,140.21253541402993,69721100
2022-12-08,140.66615295410156,141.5240640501762,139.13772092261513,140.38019261979954,62128300
2022-12-09,140.1829833984375,143.54556411340621,138.94049659830839,140.3604729146931,76097000
2022-12-12,142.48057556152344,142.4904310742392,139.09826892356506,140.71546075742316,70462700
2022-12-13,143.44696044921875,147.8843792751259,142.2340701831816,147.4209143273598,93886200
2022-12-14,141.21836853027344,144.62038597056736,139.19687510886934,143.3286067000526,82291200
2022-12-15,134.60171508789062,139.8280117965914,134.1382501032749,139.14760511506677,98931900
2022-12-16,132.6393585205078,135.7356898104224,131.8702072160859,134.78904899571134,160156900
2022-12-19,130.5291290283203,133.31977409731115,129.49374338835526,133.23102933615738,79592600
2022-12-20,130.4600830078125,131.3968681768677,128.08359570202674,129.5627349310346,77432800
2022-12-21,133.5662841796875,134.9073711645486,130.90383628158227,131.13063344213398,85928000
2022-12-22,130.39105224609375,132.68865037286486,128.4879002839557,132.48157930219233,77852100
2022-12-23,130.02622985839844,130.57843955760072,127.8371020889996,129.09929998620072,63814900
2022-12-27,128.22166442871094,129.58247750765514,126.92988507827397,129.55289592303325,69007800
2022-12-28,124.28716278076172,129.2077647504938,124.11952877613886,127.8666776669259,85438400
2022-12-29,127.80750274658203,128.66539876390968,125.95365078301222,126.21002952300181,75703700
2022-12-30,128.123046875,128.14277294659772,125.657822079017,126.62419645842127,77034200
2023-01-03,123.33064270019531,129.07955877586164,122.44315755676651,128.46818597294893,112117500
2023-01-04,124.60272216796875,126.87073926087292,123.34052422952556,125.12535029654666,89113600
2023-01-05,123.28134155273438,125.99309725880703,123.02496279365805,125.36199835089351,80962700
2023-01-06,127.81736755371094,128.4780480462767,123.15315196037015,124.25757880895641,87754700
2023-01-09,128.33999633789062,131.55466910779157,128.08361757784448,128.6555533163335,70790800
2023-01-10,128.9119110107422,129.43453900512318,126.33820813140562,128.44844617850507,63896200
2023-01-11,131.63356018066406,131.65327120715185,128.64569958998982,129.42470644063985,69458900
2023-01-12,131.55467224121094,132.39284227281698,129.6120678053339,132.01813716022232,71379600
2023-01-13,132.8858642578125,133.04364272167805,129.82898551497536,130.1938350469048,57809700
2023-01-17,134.0494842529297,135.38070076927318,132.26465833803292,132.95492042575748,63646600
2023-01-18,133.32962036132812,136.68233001992917,133.15211582478094,134.91723044564642,69672800
2023-01-19,133.38877868652344,134.35514542774973,131.9096394708051,132.2153258346004,58280400
2023-01-20,135.95260620117188,136.10052914550886,132.35337358769686,133.3986295227189,80223600
2023-01-23,139.1475830078125,141.32685514540398,135.9822178760608,136.19915953850284,81760300
2023-01-24,140.5478515625,141.16909504465488,138.3488681121143,138.35872362656914,66435100
2023-01-25,139.88714599609375,140.44921115138996,136.87955949987148,138.93063463423644,65799300
2023-01-26,141.9579620361328,142.2439224000094,139.92659771489312,141.178940100887,54105100
2023-01-27,143.9005584716797,145.182482507532,141.09020217222798,141.16909142560513,70555800
2023-01-30,141.01129150390625,143.5258315295515,140.863383580403,142.94404030165967,64015300
2023-01-31,142.2833251953125,142.33263284521934,140.30128406034757,140.71544123571715,65874500
2023-02-01,143.40748596191406,144.57108343034756,139.35465851027638,141.96779872652098,77663600
2023-02-02,148.72256469726562,149.07754375931228,146.10940902226113,146.82925275349945,118339000
2023-02-03,152.35134887695312,155.1913011660709,145.77411121969988,145.97132678498124,154357300
2023-02-06,149.619873046875,150.97083056548323,148.68308779153134,150.44820252682044,69858300
2023-02-07,152.49929809570312,153.07123392254363,148.54507002072867,148.54507002072867,83322600
2023-02-08,149.80723571777344,152.43024651571073,149.0676660222592,151.73998447588093,64120100
2023-02-09,148.77183532714844,152.1837234806971,148.32809651858278,151.64136936063508,56007100
2023-02-10,149.13723754882812,149.46314684794623,147.36944294161282,147.60647199630503,57450700
2023-02-13,151.94203186035156,152.34693578344766,149.04836048379,149.07798723256394,62199000
2023-02-14,151.30007934570312,151.86301769491905,148.9891025921519,150.233471212628,61707600
2023-02-15,153.40367126464844,153.5715611952289,150.98405804107867,151.21120146838675,65573800
2023-02-16,151.80377197265625,154.39127521881363,151.44823591009165,151.60624021713144,68167900
2023-02-17,150.65817260742188,151.10258897284194,148.97925796607987,150.46065589718617,59144100
2023-02-21,146.63865661621094,149.42369229489003,146.56953254062006,148.33732765365474,58867200
2023-02-22,147.0633087158203,148.0904046122651,145.3350111943411,147.02379633351947,51011300
2023-02-23,147.54722595214844,148.47557105445037,145.41402441253163,148.22867140254277,48394200
2023-02-24,144.89059448242188,145.3646375819345,143.91286646196608,145.2856278870893,55469600
2023-02-27,146.08558654785156,147.32008482695682,145.62141398934327,145.87819927591497,44998500
2023-02-28,145.58187866210938,147.23116612400116,145.00906980182367,145.22634264777875,50547000
2023-03-01,143.50791931152344,145.4041064076396,143.21163678129003,145.00907308036537,55479000
2023-03-02,144.10052490234375,144.89060684866965,142.11544194013547,142.58950014966683,52238100
2023-03-03,149.15701293945312,149.236022634522,145.50290119247913,146.20408774818284,70732300
2023-03-06,151.92230224609375,154.3616721188966,151.55689556759242,151.8827898611123,87558000
2023-03-07,149.71994018554688,152.11979733212814,149.25576768015293,151.79388801539042,56182000
2023-03-08,150.9741668701172,151.5667319547554,149.94707113557456,150.9149133755646,47204800
2023-03-09,148.7224578857422,152.62346903568368,148.3669218148619,151.65562670311525,53833600
2023-03-10,146.6583709716797,149.0681136196498,145.7794089470896,148.34717096498875,68572400
2023-03-13,148.6039581298828,151.2408445051467,145.86830586973156,145.97694231528436,84457100
2023-03-14,150.69764709472656,151.49759944522177,148.23853654610156,149.4038955086608,73695900
2023-03-15,151.0926971435547,151.34946732376167,148.06076257128353,149.3150168625453,77167900
2023-03-16,153.917236328125,154.5196720318581,149.7594399024329,150.27299535550645,76161100
2023-03-17,153.07778930664062,154.79621636647911,152.36671707978053,154.1443976469308,98944600
2023-03-20,155.447998046875,155.8628026785515,152.23830291826783,153.14690680049927,73641400
2023-03-21,157.30470275878906,157.42320976774403,154.59867718770118,155.36901795458434,73938300
2023-03-22,155.87266540527344,160.1292123200188,155.85290921676807,157.32443633451206,75701800
2023-03-23,156.9590301513672,159.54654859691777,155.72453196517867,156.86027933820688,67622100
2023-03-24,158.26266479492188,158.35154504613158,155.8924343453171,156.88990343786057,59196500
2023-03-27,156.31710815429688,158.77623413977568,155.91218910395636,157.9565254779494,52390300
2023-03-28,155.6949005126953,156.52449472162644,154.04561279409856,156.01093927220384,45992200
2023-03-29,158.77621459960938,159.0527409732352,157.37382654206215,157.39356766192319,51305700
2023-03-30,160.34652709960938,160.45516356045198,159.27004812279844,159.5268183622626,49501700
2023-03-31,162.85499572753906,162.95376161088404,159.90208569195596,160.42551172065657,68749800
2023-04-03,164.10923767089844,164.22774466628186,162.18342364813336,162.23280658606208,56976200
2023-04-04,163.57594299316406,164.7709287291007,163.0623875580335,164.53391473562277,46278300
2023-04-05,161.72914123535156,163.00315186770885,159.79345641920935,162.69699871298138,51511700
2023-04-06,162.6179962158203,162.91427882271006,159.99098020805553,160.41564039126865,45390100
2023-04-10,160.02056884765625,160.02056884765625,158.09475496590747,159.41813321597525,47716900
2023-04-11,158.80584716796875,160.34649846878187,158.51943515436048,160.33662790848967,47644200
2023-04-12,158.1145477294922,160.05023261805474,157.7985089324277,159.22065338009935,50133100
2023-04-13,163.50682067871094,163.74384976611952,159.4181631056541,159.62556544083142,68445600
2023-04-14,163.16116333007812,164.25739832506682,161.78840194622364,162.5488419808256,49386500
2023-04-17,163.18092346191406,163.3389428652635,161.99580807591275,163.04266025137323,41516200
2023-04-18,164.405517578125,165.33386254581205,163.59567960391064,164.0401109685465,49923000
2023-04-19,165.55116271972656,166.07458878664085,163.48707013576512,163.74385542338587,47720200
2023-04-20,164.5832977294922,165.78816920558748,163.50681889136789,164.03024493447634,52456400
2023-04-21,162.9735107421875,164.38576938158798,162.45008473615934,163.00313749199609,58337300
2023-04-24,163.2796630859375,163.5463189024918,161.85751882372426,162.95375377005053,41949600
2023-04-25,161.739013671875,164.2475072794641,161.69950129216383,163.1414017604714,48714100
2023-04-26,161.72914123535156,163.23029532612622,160.78105501874768,161.0378252295865,45498800
2023-04-27,166.32147216796875,166.4696059197472,163.14140369362494,163.14140369362494,64902300
2023-04-28,167.57569885253906,167.7436038513408,165.79803368662212,166.40046934782268,55275900
2023-05-01,167.4868621826172,168.3361976788922,166.54864641883398,167.1807089926042,52472900
2023-05-02,166.44985961914062,168.2374257243008,165.46226102978648,167.98064044655123,48425700
2023-05-03,165.37338256835938,168.80035091617836,165.08698560494395,167.39796271242133,65136000
2023-05-04,163.73397827148438,164.96847661956093,162.2723364468385,162.84514548869322,81235400
2023-05-05,171.41751098632812,172.13845380689077,168.64234602308835,168.85961893934999,113453200
2023-05-08,171.34835815429688,171.69402369424722,169.9755966946327,170.34100335662225,55962800
2023-05-09,169.63983154296875,171.38787037771158,169.4719415736773,170.90395666315388,45326900
2023-05-10,171.40760803222656,171.87178057282452,169.76819076413835,170.87431142683658,53724500
2023-05-11,171.5952606201172,172.4248398461332,170.0348529885771,171.69402651016821,49514700
2023-05-12,170.66563415527344,172.13918180226995,169.11295243629542,171.70403494878815,45533100
2023-05-15,170.17112731933594,171.29854623618587,169.57774258819362,171.2490949935239,37266700
2023-05-16,170.17112731933594,171.229311478379,169.90410268128184,170.0920083491569,42110300
2023-05-17,170.7843017578125,171.02164360752573,168.53934785672587,169.81512066054435,57951600
2023-05-18,173.11825561523438,173.30616130301183,170.6755118549318,171.09087517456516,65496700
2023-05-19,173.22703552246094,174.44345770293714,173.00946211256743,174.44345770293714,55809500
2023-05-22,172.2776336669922,172.78201528070161,171.5359102025042,172.06006024351018,43570900
2023-05-23,169.666748046875,171.46667068919274,169.38983919273392,171.21942956296672,50747300
2023-05-24,169.9436798095703,170.51728111058472,168.63825433413288,169.2019563309073,45143500
2023-05-25,171.0809783935547,171.98092464144923,169.7953214946183,170.50737715893996,56058300
2023-05-26,173.4940643310547,173.83032378662378,171.1996741500605,171.40736336995897,54835000
2023-05-30,175.34344482421875,177.01479758641247,174.62150481648905,175.00720044696425,55964400
2023-05-31,175.29396057128906,177.3707920923561,174.80936252559982,175.37307954346696,99625300
2023-06-01,178.10263061523438,178.13229834590607,174.97749886766357,175.73900583250884,68901800
2023-06-02,178.95315551757812,179.77399801140302,177.28180279681203,179.03227450268932,61996900
2023-06-05,177.59823608398438,182.90897030198119,176.07522239457762,180.61458064640706,121946500
2023-06-06,177.23236083984375,178.1323071989488,175.47198988688834,177.98396853821802,64848400
2023-06-07,175.85768127441406,179.21027045240393,175.36319900574063,176.47083445864072,61944600
2023-06-08,178.57736206054688,178.8443716628685,175.50168125821915,175.93681304769265,50214900
2023-06-09,178.96304321289062,180.21901740774703,178.63668307937917,179.4970774647442,48900000
2023-06-12,181.7617950439453,181.86069753893617,178.97292275194738,179.26961514651788,54274900
2023-06-13,181.28709411621094,182.11782073883157,180.4266997635254,180.78272761470595,54929100
2023-06-14,181.9200439453125,182.35519080481038,180.0113494184458,181.3464426387383,57462900
2023-06-15,183.95729064941406,184.46167222814515,181.75190392659053,181.92992539273135,65433200
2023-06-16,182.8793487548828,184.92651290759443,182.2365277422246,184.66937243020826,101256200
2023-06-20,182.9683380126953,184.0463209118931,182.37496829785866,182.37496829785866,49799100
2023-06-21,181.929931640625,183.36392727035516,180.57503989811684,182.85954567430247,49515700
2023-06-22,184.93637084960938,184.98582209518955,181.64311708726814,181.7123518491607,51245300
2023-06-23,184.61988830566406,185.49018190726844,182.96831937745645,183.50236866585945,53117000
2023-06-26,183.2254638671875,185.97478407089304,183.18589683511047,184.76824612936457,48088700
2023-06-27,185.98468017578125,186.31104030447904,183.62105538648717,183.83862880561904,50730800
2023-06-28,187.16152954101562,187.80435042269775,185.5297441703453,185.85608917215896,51216800
2023-06-29,187.49778747558594,187.9725013298976,186.85496654717443,186.9934209820816,46347300
2023-06-30,191.82945251464844,192.33381899614628,189.1493519786864,189.51527911897426,85213200
2023-07-03,190.3361358642578,191.74046380244184,189.64384856353968,191.64156130508144,31458200
2023-07-05,189.2185821533203,190.8503675642152,188.51641070905347,189.45593906907268,46920300
2023-07-06,189.6932830810547,189.90097227103217,187.11208506779732,187.74502176003202,45094300
2023-07-07,188.5757598876953,190.54380484505052,188.14062814608695,189.29771490007704,46815000
2023-07-10,186.52859497070312,187.89337080979294,184.97591346212693,187.17141585961895,59922200
2023-07-11,186.0044708251953,187.21100889013437,184.54080738706045,187.07255444450544,46638100
2023-07-12,187.67581176757812,189.584506155405,186.39015480100775,187.58679348705417,60750200
2023-07-13,188.43731689453125,189.08015296828228,187.68570919657313,188.39776494849258,41342300
2023-07-14,188.58567810058594,189.07026113812964,187.53737794948708,188.13074770594125,41616200
2023-07-17,191.84925842285156,192.17561856911308,189.6933076328095,189.78231082986184,50520200
2023-07-18,191.5920867919922,192.1854715232971,190.29654572205703,191.2162905465396,48288200
2023-07-19,192.947021484375,196.04247077365844,190.52404586593127,190.96909205897046,80507300
2023-07-20,190.99874877929688,194.30188710755215,190.37569621729313,192.93711105379268,59581200
2023-07-21,189.82186889648438,192.8184304455329,189.11969738642375,191.95803606721273,71951700
2023-07-24,190.6229248046875,192.759091941705,190.1284425094743,191.27564505606543,45377800
2023-07-25,191.48330688476562,192.29426504028103,190.7910347339605,191.19651381171818,37283200
2023-07-26,192.3535919189453,193.48101082580538,191.1866210725465,191.53274958731205,47471900
2023-07-27,191.08773803710938,195.02381285425056,190.42513357699178,193.85684188907683,47460200
2023-07-28,193.66891479492188,194.46008939236802,191.99756241904697,192.52171238314497,48291400
2023-07-31,194.28208923339844,194.32165626732748,193.10521896564188,193.8963936498011,38824100
2023-08-01,193.4513702392578,194.55900578654655,193.12501010327395,194.074422779809,35175100
2023-08-02,190.45480346679688,193.026102358892,189.73286353794578,192.88764791924382,50389300
2023-08-03,189.06033325195312,190.24708758113138,188.58563453836183,189.45592808861255,61235200
2023-08-04,179.98165893554688,185.31217710978225,179.9124241755589,183.47270249377223,115956800
2023-08-07,176.87631225585938,181.10907923772604,175.3928654606145,180.12011470756278,97576100
2023-08-08,177.8158416748047,178.2806562533865,175.6203390114105,177.7070549630004,67823000
2023-08-09,176.22360229492188,178.93335560733482,175.05661623443876,178.87402014653773,60378500
2023-08-10,176.00604248046875,178.75536303948698,175.64013038367378,177.4993736907431,54686900
2023-08-11,176.06544494628906,176.88739582771854,174.83748251539495,175.60001780962375,52036700
2023-08-14,177.71926879882812,177.94703359876078,175.59011444303226,176.24371615843643,43675600
2023-08-15,175.72874450683594,177.73905244130324,175.3326305229056,177.1448814654077,43622600
2023-08-16,174.8572998046875,176.80817714322055,174.78797154296882,175.41186545531423,46964900
2023-08-17,172.31222534179688,175.78817341312092,171.7972650350441,175.42176719468313,66062900
2023-08-18,172.79747009277344,173.40155375891743,170.29201204567954,170.62871045348956,61172200
2023-08-21,174.1343536376953,174.4215491084137,172.05473264129324,173.37183349440417,46311900
2023-08-22,175.51087951660156,175.95651153189084,174.54038966607246,175.34253031574917,42038900
2023-08-23,179.3631134033203,179.7889502187573,176.60018332565903,176.78834272475137,52722800
2023-08-24,174.6691436767578,179.34336155038372,174.30272234931607,178.91752463221655,54945800
2023-08-25,176.87750244140625,177.41225784961358,174.1145717959043,175.6594375427037,51449600
2023-08-28,178.44215393066406,178.83826787417212,176.8180625850357,178.3431178893979,43820700
2023-08-29,182.3340301513672,183.10646293821267,177.75884901223952,177.9569059889832,53003900
2023-08-30,185.829833984375,186.02790612099318,182.94807177028306,183.14612879611877,60813900
2023-08-31,186.04766845703125,187.28554353881972,185.66145203594442,186.0179606639307,60794500
2023-09-01,187.6222381591797,188.07776768138748,186.45367634199346,187.65194594928982,45766500
2023-09-05,187.85992431640625,188.1372071331358,185.7902007519677,186.453699999912,45280000
2023-09-06,181.1357879638672,187.01817274976997,179.70975345688714,186.57252563325392,81755800
2023-09-07,175.8376922607422,176.48139642487362,171.85668142571674,173.48077306769622,112488800
2023-09-08,176.45164489746094,178.49167556913386,176.06542850593996,176.6200091931817,65551300
2023-09-11,177.62020874023438,178.5510931586707,175.61979850768685,178.32332838951461,58953100
2023-09-12,174.5899200439453,178.3827714442694,173.12428004812202,177.7489799506068,90370200
2023-09-13,172.5201873779297,175.58021106580875,172.29240747476095,174.7978655233742,84267900
2023-09-14,174.0353546142578,174.39186327435525,171.89630265367322,172.31222690532334,60895800
2023-09-15,173.31240844726562,174.78796097983732,172.13396406629226,174.76815074757482,109259500
2023-09-18,176.24371337890625,177.64004017321716,174.46117014263496,174.76816076178545,67257600
2023-09-19,177.33303833007812,177.88760394386657,175.4118538031827,175.7980702206982,51826900
2023-09-20,173.7877655029297,177.95692035427507,173.69862701203755,177.52118590379774,58436200
2023-09-21,172.2428741455078,174.5898954535224,172.17356100214752,172.856870429388,63149100
2023-09-22,173.09454345703125,175.36233909077248,172.36173107244514,172.97571228348323,56725400
2023-09-25,174.3720245361328,175.25339092524624,172.46073769252675,172.51025571431984,46172700
2023-09-26,170.29202270507812,173.50058556280408,169.99492963397503,173.12428177613603,64588900
2023-09-27,168.77682495117188,171.36150860467507,167.41022120055555,170.94558441007192,66921800
2023-09-28,169.03433227539062,170.36133082824708,165.9941036111019,167.69742105029528,56294400
2023-09-29,169.5492706298828,171.39122924497295,168.68769934956754,170.3514112168,51861100
2023-10-02,172.06463623046875,172.6093042881744,169.2719827950215,169.55917827580257,52164500
2023-10-03,170.7277374267578,171.94581747397606,169.1630765091389,170.589096012129,49594600
2023-10-04,171.9755096435547,172.5201776911012,169.31160010164683,169.43043127173715,53020300
2023-10-05,173.21336364746094,173.7481189586483,171.00498393317727,172.10421745524127,48527900
2023-10-06,175.76837158203125,176.26352163595584,171.5001654241457,172.1141617663429,57266700
2023-10-09,177.25381469726562,177.3132302836497,174.09475506108697,175.09495269037185,42390800
2023-10-10,176.6596221923828,177.9767230488949,176.22388776036024,176.3724418317021,43698000
2023-10-11,178.05596923828125,178.10548726772782,175.87731193966172,176.4714829606774,47551100
2023-10-12,178.9571533203125,180.57133234869775,177.3033387116547,178.32336180549302,56743100
2023-10-13,177.1151580810547,180.16526873253892,176.41203844407568,179.66022118086906,51427100
2023-10-16,176.98641967773438,177.34292828713865,174.79784999846225,175.0355274416581,52517000
2023-10-17,175.43165588378906,176.6893412361662,173.1044597256959,174.93650583601004,57549400
2023-10-18,174.1343536376953,175.8574811296678,173.41143884685883,173.87688106979198,54764400
2023-10-19,173.75808715820312,176.114991459484,173.49070186176996,174.33244800123364,59302900
2023-10-20,171.2030792236328,173.71843472751576,170.96540176933075,173.60950111647477,64244000
2023-10-23,171.32191467285156,172.32211231863303,168.2816861592976,169.25219112217718,55980100
2023-10-24,171.7576446533203,171.98540943587548,169.78694209599936,171.3714282347356,43816600
2023-10-25,169.44033813476562,171.38131769667615,168.99469104064445,170.21277093543313,57157000
2023-10-26,165.2711639404297,169.71761631425704,164.06299674951495,168.71740365821697,70625300
2023-10-27,166.58827209472656,167.32109955610002,165.21175565878588,165.29098147440297,58499100
2023-10-30,168.63819885253906,169.50966778359705,167.23197451155576,167.3805285943209,51131000
2023-10-31,169.1135711669922,169.24229991901694,166.27139928771217,167.70734668146844,44846000
2023-11-01,172.28248596191406,172.53995851269775,168.4698250558493,169.34129385969914,56934900
2023-11-02,175.8476104736328,176.05556504970008,173.75807648633753,173.8174920794996,77334800
2023-11-03,174.93649291992188,175.10485722122255,171.66851493448934,172.5498813500308,79829200
2023-11-06,177.49147033691406,177.6895273209714,174.50077512285628,174.66912431484397,63841300
2023-11-07,180.0563507080078,180.67033186387974,177.23398970359145,177.4419442386158,70530000
2023-11-08,181.11599731445312,181.67056299140017,179.82860407252238,180.581241871906,49340300
2023-11-09,180.64064025878906,182.3340449245472,180.04645416963677,181.18530832204868,53763500
2023-11-10,184.8351287841797,185.00371491529177,181.98922784820692,182.425536381392,66133400
2023-11-13,183.24855041503906,184.4682199516521,182.6635072771428,184.25999143916752,43627500
2023-11-14,185.8664093017578,186.53078271340215,184.7359804157126,186.1242211071054,60108400
2023-11-15,186.4315948486328,187.90909130382101,186.20353000343164,186.2729495954029,53790500
2023-11-16,188.1173553466797,189.35686136039257,187.0662415372727,187.97853127837138,54412900
2023-11-17,188.09750366210938,188.78171334674664,186.98691120628507,188.65279989002153,50922700
2023-11-20,189.84274291992188,190.29888780221057,188.28593119459046,188.2958417959073,46505100
2023-11-21,189.03952026367188,189.91213724546566,188.14708208188244,189.80306012274144,38134500
2023-11-22,189.7039031982422,191.31029805901488,189.22793715258507,189.88239992204348,39617700
2023-11-24,188.3751678466797,189.29735306155973,187.66121116968733,189.26760612757576,24048300
2023-11-27,188.1966552734375,189.0692722786972,187.31412766791345,188.3255687303111,40552600
2023-11-28,188.80154418945312,189.47584330827428,187.80993940877178,188.18675406725092,38415400
2023-11-29,187.78016662597656,190.47733246859286,187.3835308205802,189.29732052111245,43014200
2023-11-30,188.35528564453125,188.72218962546418,186.61006704282622,188.2462085362569,48794400
2023-12-01,189.63449096679688,189.95179660734362,187.64135580786584,188.73212704562349,45704800
2023-12-04,187.83969116210938,188.454496430777,185.8763178825686,188.3850768316175,43389500
2023-12-05,191.79617309570312,192.76794143388682,188.58336852388663,188.61313058416235,66628400
2023-12-06,190.70541381835938,193.12491645797843,190.49717018406523,192.81752143695684,41089700
2023-12-07,192.6390380859375,193.3629052381858,191.96473906125271,192.0044117201268,47477700
2023-12-08,194.0669708251953,194.34461894265894,192.04408867717459,192.56963798027982,53406400
2023-12-11,191.55821228027344,191.86562248491865,189.8129932403368,191.4888078106811,60943700
2023-12-12,193.0753631591797,193.08527375940776,190.11045957675134,191.45904261144975,52696900
2023-12-13,196.29808044433594,196.33773797632358,193.214189106248,193.45216455954898,70404200
2023-12-14,196.4468231201172,197.9441408874326,194.51319682969313,196.35758232148717,66831600
2023-12-15,195.9113311767578,196.7343496927442,195.34610928310804,195.87165851894784,128538400
2023-12-18,194.24545288085938,194.97924583916173,192.75804576345098,194.4437708037096,55751900
2023-12-19,195.28665161132812,195.2965622122741,194.24546354583867,194.51320107826476,40714100
2023-12-20,193.19435119628906,196.0204155959587,193.19435119628906,195.24696511767544,52242800
2023-12-21,193.04559326171875,195.42545358966169,191.875506993429,194.45368523269553,46482500
2023-12-22,191.9746856689453,193.76948784569112,191.349969834571,193.54140785907617,37149600
2023-12-26,191.42930603027344,192.2622504150879,191.21115176796184,191.9846022868164,28919300
2023-12-27,191.5284423828125,191.87551008122907,189.48573911500236,190.87399477798158,48087700
2023-12-28,191.954833984375,193.02576884449476,191.54827243799232,192.51013017909935,34049900
2023-12-29,190.9136505126953,192.76794644853246,190.1203637314106,192.27214410156537,42672100
2024-01-02,184.0814971923828,186.85799339797134,182.34618895522584,185.5788148528252,82488700
2024-01-03,182.7032012939453,184.31952210922134,181.89007802002808,182.6734543576498,58414500
2024-01-04,180.38284301757812,181.55292948513,179.36149122617633,180.6208184994182,71983600
2024-01-05,179.658935546875,181.2256728170181,178.65742022872922,180.46214807824285,62379700
2024-01-08,184.00218200683594,184.04185467153414,179.97626898919978,180.56131218264795,59144500
2024-01-09,183.58570861816406,183.59561921893004,181.19593746369003,182.37594957443397,42841800
2024-01-10,184.6268768310547,184.8351053395885,182.3759299825551,182.8023278606972,46792900
2024-01-11,184.0319061279297,185.47965559618967,182.07844372761645,184.97392753345,49128400
2024-01-12,184.35914611816406,185.17226924419936,183.63527891547233,184.49797017252533,40477800
2024-01-16,182.08837890625,182.71307958868692,179.41103406753936,180.63071876275188,65603000
2024-01-17,181.14633178710938,181.39423295178236,178.78632298828933,179.74818071767538,47317400
2024-01-18,187.04640197753906,187.55211493445296,184.26990575318283,184.52771753168435,78005800
2024-01-19,189.95179748535156,190.33852272040096,187.23481023986653,187.74052319933506,68903000
2024-01-22,192.2622528076172,193.69016613117572,190.64593215238241,190.68560481730813,60133900
2024-01-23,193.54139709472656,194.10661903356933,192.20273983497614,193.38275184285894,42355600
2024-01-24,192.8671112060547,194.73133285541883,192.70845082511164,193.7793857004472,53631300
2024-01-25,192.53990173339844,194.62227786062397,191.48880306885755,193.5810897970112,54822100
2024-01-26,190.80458068847656,193.1249321296598,190.3286146537771,192.63905549468925,44594000
2024-01-29,190.12037658691406,190.5864320350317,187.98843240307312,190.3980247095346,47145600
2024-01-30,186.4613494873047,190.18979301004535,185.89614265093053,189.33701232459805,55859400
2024-01-31,182.85189819335938,185.52924295226458,182.80233006356883,185.46973396127981,55467800
2024-02-01,185.291259765625,185.38050055962896,182.2767880551107,182.44535904290282,64885400
2024-02-02,184.2897491455078,185.75731994134992,177.74515173237538,178.35003123610636,102551700
2024-02-05,186.1043701171875,187.6611968198497,184.27982102914154,186.57042555488334,69668800
2024-02-06,187.7107696533203,187.72068025311026,185.2020110139772,185.2912518041467,43490800
2024-02-07,187.81985473632812,189.4460858813363,187.02656792958788,189.03952431241242,53439000
2024-02-08,186.739013671875,187.94875754592414,185.77715585449096,187.8000228857875,40962000
2024-02-09,187.50352478027344,188.63539609029752,186.65957913376621,187.304938639922,45155200
2024-02-12,185.81561279296875,187.32477942159008,185.4581789901372,187.07656192379022,41781900
2024-02-13,183.7206573486328,184.88232857566155,182.20156746712615,184.44546335353002,56529500
2024-02-14,182.83702087402344,184.2071864451767,181.13922150541597,183.9986922104331,54630500
2024-02-15,182.54908752441406,183.17460050228618,180.05698915939104,182.2413002337134,65434500
2024-02-16,181.0101318359375,183.53203018346474,180.37469562592958,182.11221816970058,49752500
2024-02-20,180.26548767089844,181.12927978468986,178.7166127841021,180.49384354523508,53665600
2024-02-21,181.02008056640625,181.5860086349742,179.37191259479573,180.64278508736416,41371400
2024-02-22,183.05545043945312,183.64125529629035,181.15908011476066,182.17179668082835,52292200
2024-02-23,181.2186279296875,183.7206493014041,180.93068715953405,183.69086441483557,45119700
2024-02-26,179.86834716796875,181.45693020455124,179.36197373162466,180.94064867140935,40867400
2024-02-27,181.32786560058594,182.60866132395924,178.27974721589908,179.8087756065873,54318900
2024-02-28,180.1265106201172,181.81438693718425,178.84571472275368,181.20873550664876,48953900
2024-02-29,179.46127319335938,181.26830407372196,178.2499704416867,179.97756989489093,136682600
2024-03-01,178.37904357910156,179.24283570733874,176.11530099131116,178.26982726346276,73563100
2024-03-04,173.8515625,175.63871657984365,172.55088992856452,174.89406399657693,81510100
2024-03-05,168.90704345703125,170.8133520831047,168.41060844555398,169.5424796657224,95132400
2024-03-06,167.9141845703125,170.01907946057096,167.47731930724007,169.84035496658896,68587700
2024-03-07,167.79502868652344,169.51268953107953,167.28867044448495,167.9439531253601,71765100
2024-03-08,169.5126953125,172.4615205019895,167.73546463179477,167.79503440936114,76267000
2024-03-11,171.51829528808594,173.13667826239134,170.8232893067872,171.7069430151515,60139500
2024-03-12,171.994873046875,172.7891721100731,169.79070034274764,171.91544162555573,59825400
2024-03-13,169.90985107421875,171.95516088785197,169.54247886546352,171.53815729817867,52488700
2024-03-14,171.76651000976562,173.06716728584055,170.82328653971078,171.67715534575908,72913500
2024-03-15,171.3892364501953,171.3892364501953,169.07584723661714,169.94957779625068,121752700
2024-03-18,172.4813995361328,176.4429567936847,172.2828285408912,174.31821532960825,75604200
2024-03-19,174.82456970214844,175.350789645184,171.7963128554373,173.09697026746844,55215200
2024-03-20,177.3960723876953,177.3960723876953,173.8415961439034,174.46710906124463,53423100
2024-03-21,170.1481170654297,176.22449141078243,169.62189720831483,175.7876262124245,106181300
2024-03-22,171.05165100097656,171.8161651814705,168.84747827799018,170.53535433298114,71160100
2024-03-25,169.63185119628906,170.7140758962492,168.24182406010684,169.3538487990515,54288300
2024-03-26,168.5,170.19779947429063,168.37092203236526,168.787925677805,57388400
2024-03-27,172.0742950439453,172.3622358242069,168.8971141151568,169.19497814129184,60273300
2024-03-28,170.25735473632812,171.00200728609337,169.29426955996547,170.5254338962422,65672700
2024-04-01,168.81768798828125,170.02899062252595,168.27160644825386,169.969420845431,46240500
2024-04-02,167.63616943359375,168.13260444031488,167.0305181193942,167.87446369081778,49329500
2024-04-03,168.44039916992188,169.46305411699578,167.37803608655156,167.5865303145986,47691700
2024-04-04,167.61634826660156,170.6942366833166,167.61634826660156,169.07585346888487,53704400
2024-04-05,168.37091064453125,169.17513298848516,167.74539764368038,168.3808338913719,42104800
2024-04-08,167.24896240234375,167.99361496437555,167.04046816897213,167.82482886831443,37425500
2024-04-09,168.4602813720703,168.86736178126412,167.14970061441764,167.49719608690285,42373800
2024-04-10,166.58372497558594,167.8843822327512,165.91850390321875,167.59645660291815,49709300
2024-04-11,173.79197692871094,174.208995705804,166.9610408919762,167.13975023930564,91070300
2024-04-12,175.2912139892578,177.0883063929916,172.96790166012116,173.0175330436537,101670900
2024-04-15,171.458740234375,175.37065085788137,171.27009249111015,174.1097015871075,73531800
2024-04-16,168.17233276367188,172.5210932508517,167.0702464097302,170.52542991803605,73711200
2024-04-17,166.8021697998047,169.43326939438703,166.8021697998047,168.4006911997193,50901200
2024-04-18,165.84901428222656,167.4376124969012,165.36251763085394,166.83196113193097,43122900
2024-04-19,163.8235626220703,165.21357466916862,162.9101239696921,165.02494208062998,68149400
2024-04-22,164.65757751464844,166.06745127090076,163.5952143613438,164.33986695337822,48116400
2024-04-23,165.71002197265625,165.85896158515186,163.744143317683,164.17108536017497,49537800
2024-04-24,167.81491088867188,168.09291330855643,165.0249482926904,165.35258209827205,48251800
2024-04-25,168.67868041992188,169.3935480180457,166.95108119945704,168.32124662085997,50558300
2024-04-26,168.09291076660156,170.11835910227322,167.97375605274175,168.66877724193844,44838400
2024-04-29,172.26296997070312,174.77493022282954,171.8658279731322,172.13389200399433,68169400
2024-04-30,169.1155548095703,173.74233280675443,168.78790588015656,172.09416491333778,65934800
2024-05-01,168.09291076660156,171.47860143970507,167.90426302381934,168.37091318228207,50383100
2024-05-02,171.79629516601562,172.1835138606425,169.67155396857694,171.27999852318183,94214900
2024-05-03,182.07252502441406,185.66670996286234,181.35765733555206,185.31919936550048,163224100
2024-05-06,180.4144287109375,182.88666551151155,179.1336178251023,181.04986495546194,78569700
2024-05-07,181.09951782226562,183.581693314073,180.02723134180212,182.1420345588241,77305800
2024-05-08,181.4370880126953,181.76473696457006,180.15627709627628,181.5463043299869,45057100
2024-05-09,183.25405883789062,183.3434135192828,180.81159149652714,181.25838005348476,48983000
2024-05-10,181.9913787841797,184.01957427538,181.07670119634082,183.83067066594327,50759500
2024-05-13,185.20269775390625,186.01796278299403,183.5522942832241,184.36755931231187,72044800
2024-05-14,186.3460235595703,187.2110023802185,185.2126171602605,186.42556271379902,52393600
2024-05-15,188.622802734375,189.54741702859607,186.2863873072406,186.8232728469217,70400000
2024-05-16,188.74209594726562,189.99481870677727,188.5631442219314,189.36845732702145,52845200
2024-05-17,188.7719268798828,189.70649303935699,188.08591490450098,188.4140082479681,41282900
2024-05-20,189.93515014648438,190.81006568993442,187.91689147556073,188.23504809883084,44361300
2024-05-21,191.2375946044922,191.6153866469515,189.815856788038,189.98487181213304,42309400
2024-05-22,189.79595947265625,191.70486886169914,189.1696132758398,191.15804664976199,34648500
2024-05-23,185.79922485351562,189.89539287135,185.55067067436462,189.87550428926582,51005900
2024-05-24,188.88128662109375,189.47782271626807,186.9525037733123,187.72800676525614,36327000
2024-05-28,188.8912353515625,191.88382214222983,188.00638309980087,190.40243380522858,52280100
2024-05-29,189.1894989013672,191.13817040866115,188.41401104911338,188.5134387924459,53068000
2024-05-30,190.18370056152344,191.06855279301288,189.52752908744432,189.6567669388692,49889100
2024-05-31,191.13815307617188,191.4563096895504,188.81168973037515,190.33284000805318,75158300
2024-06-03,192.90786743164062,193.86232215027837,191.40660565779223,191.7843976924141,50080500
2024-06-04,193.2260284423828,194.19041988861153,191.91365507081835,193.51434462038463,47471400
2024-06-05,194.7372283935547,195.76127042413225,193.74301165159252,194.269945311189,54156800
2024-06-06,193.3552703857422,195.3635924798522,193.04706561878618,194.55827933508485,41181800
2024-06-07,195.75132751464844,195.80104138427978,193.0172315608974,193.5242766218339,53103900
2024-06-10,192.00314331054688,196.1589774177998,191.03875180216343,195.76128159599278,97010200
2024-06-11,205.9519805908203,205.9619324668351,192.51018190883102,192.53005531977516,172373300
2024-06-12,211.83775329589844,218.92650784161864,205.7034230879499,206.1707061367958,198134300
2024-06-13,213.00099182128906,215.49647028335949,210.37626033331,213.49810017257707,97862700
2024-06-14,211.26112365722656,213.92561727783075,210.07800329190465,212.61325905037393,70122700
2024-06-17,215.4169464111328,217.6837594401996,211.4897931914233,212.13602802573277,93728300
2024-06-18,213.0507049560547,217.3656172672209,211.7681719978675,216.3316233309755,79943300
2024-06-20,208.4673614501953,213.00100258632773,207.64217489543017,212.6927826496957,86172500
2024-06-21,206.2900390625,210.66458669732776,205.91223184266303,209.17326157128963,241805100
2024-06-24,206.93626403808594,211.46988977828624,205.39522511371305,206.51869484312465,80727000
2024-06-25,207.8609161376953,210.1575545458077,207.40356972919952,207.94044013256496,55549700
2024-06-26,212.01670837402344,213.6173978459433,209.42180221570723,210.2768291728298,66213200
2024-06-27,212.86180114746094,214.49231592564604,211.12192192565487,213.44838535845383,49772700
2024-06-28,209.40191650390625,214.8204096554565,209.08377504858177,214.52214161134154,82542700
2024-07-01,215.49647521972656,216.25207446959737,210.6944066158183,210.86342163866271,60402900
2024-07-02,218.99610900878906,219.10547344874152,213.85601067210808,214.8999260337406,58046200
2024-07-03,220.2687225341797,220.2687225341797,217.76329209306175,218.72768354780237,37369800
2024-07-05,225.03103637695312,225.14040083639475,220.36815696069414,220.36815696069414,60412400
2024-07-08,226.50247192382812,226.53229721329785,221.95889400104966,225.7766827586142,59085900
2024-07-09,227.35748291015625,228.07332019577044,225.0608446065374,226.6118203351868,48076100
2024-07-10,231.6326141357422,231.73204187894612,227.9241899064988,227.97390377810078,62627700
2024-07-11,226.25389099121094,231.04600736969545,224.4642979818121,230.05179071675636,64710600
2024-07-12,229.20672607421875,231.29458734662404,227.357482286545,227.59609977127653,53046500
2024-07-15,233.04440307617188,235.8580383346859,231.7419815445035,235.11237576276483,62631300
2024-07-16,233.46200561523438,234.9036169989066,230.98640022261384,233.6409573645456,43234300
2024-07-17,227.55633544921875,230.1214164943178,225.32928445945876,228.1230311101644,57345900
2024-07-18,222.88351440429688,229.1073212664266,220.98457185049298,228.9482429378798,66034600
2024-07-19,223.0127410888672,225.48834608374398,221.9886991219942,223.5198013048721,49151500
2024-07-22,222.66477966308594,226.46267958300487,221.7998008147913,225.69712847330965,48201800
2024-07-23,223.7086944580078,225.6275405798551,221.392167723929,223.0723963761116,39960300
2024-07-24,217.276123046875,223.4999296447353,215.8742889513949,222.70455320631825,61777600
2024-07-25,216.23219299316406,219.57276167257183,213.37878078186108,217.6638522810165,51391200
2024-07-26,216.69947814941406,218.22062848355827,214.76074345207394,217.43518879671294,41601300
2024-07-29,216.9778594970703,218.0317267787177,214.50225443638584,215.7052633263403,36311800
2024-07-30,217.5346221923828,219.05577256608925,214.87011348402856,217.92236610782675,41643800
2024-07-31,220.795654296875,222.52559687691686,219.35404306544518,220.1593561933901,50036300
2024-08-01,217.09716796875,223.1817695634113,215.76492117798517,223.07240511518174,62501000
2024-08-02,218.58848571777344,224.29529507499745,216.45092586682142,217.88258518105536,105568600
2024-08-05,208.0597381591797,212.26527065556354,194.866477978878,197.9386040162881,119548600
2024-08-06,206.0315399169922,208.77558795019922,199.90717605667754,204.11270880558044,69660500
2024-08-07,208.6065673828125,212.40446750854989,205.19639601521322,205.70344110024527,63516400
2024-08-08,212.07638549804688,212.9612378528938,207.62229843313003,211.87754516998305,47161100
2024-08-09,214.9894561767578,215.52632659839892,210.7441459978426,210.87339904235876,42201600
2024-08-12,216.5222930908203,218.49311650663688,214.60124108809114,215.0690650325273,38028100
2024-08-13,220.24497985839844,220.86210287308924,217.99543949730662,217.99543949730662,44155300
2024-08-14,220.69288635253906,221.99681536538918,218.68223972219693,219.54821978702563,41960600
2024-08-15,223.6790008544922,224.3060872818483,221.72807374055304,223.55956160665437,46414000
2024-08-16,225.00283813476562,225.77922361016536,222.6139468974481,222.88270038911833,44340200
2024-08-19,224.84356689453125,224.94310972106823,222.00676340736013,224.67435623990076,40687800
2024-08-20,225.460693359375,226.11763957317405,224.4056062095116,224.72413110884563,30299000
2024-08-21,225.35121154785156,226.92389412945442,224.00747444255492,225.4706659840429,34765500
2024-08-22,223.48988342285156,227.2822315048041,222.86279698192573,226.73477629352786,43695300
2024-08-23,225.78916931152344,227.16278137803022,223.29080225181497,224.61464290366072,38677300
2024-08-26,226.12759399414062,226.22713682494347,222.85284141893553,225.7095414433551,30602200
2024-08-27,226.97366333007812,227.7898720189865,223.84820980142854,224.9530683997657,35934600
2024-08-28,225.4407958984375,228.79517959293358,224.63453544627717,226.86416416696267,38052200
2024-08-29,228.72549438476562,231.84099956412553,227.819721489883,229.03407107214645,51906300
2024-08-30,227.93917846679688,229.3326870197365,226.42621547495946,229.12366833084764,52990800
2024-09-03,221.738037109375,227.9391727978887,220.1454429272487,227.4912604304481,50190600
2024-09-04,219.82691955566406,220.75260404502964,216.47252073588626,220.6331648046219,43840200
2024-09-05,221.34983825683594,224.43546851590304,220.49382156548631,220.60331260233696,36615400
2024-09-06,219.7970733642578,224.19659618640478,218.75193438162455,222.9125635200513,48423000
2024-09-09,219.8866424560547,220.24497537072617,215.7061019102892,219.79706302441255,67180000
2024-09-10,219.09034729003906,220.45399594379384,215.72600018375593,217.905857501112,51591000
2024-09-11,221.6285400390625,222.05654079085224,216.88063262193214,220.43410202901993,44587100
2024-09-12,221.738037109375,222.51442259643306,218.8017058249269,221.46928361366915,37455600
2024-09-13,221.46926879882812,223.00212806640087,220.8820056188433,222.54426752163744,36766600
2024-09-16,215.3179168701172,216.21374159471785,212.92902562434276,215.5368837592455,59357400
2024-09-17,215.78570556640625,215.89519659483264,213.50632075947794,214.75053008791312,45519300
2024-09-18,219.6676483154297,221.67829484771394,216.53223168732617,216.54219508236315,59894900
2024-09-19,227.8097686767578,228.75538000957175,223.58941994126667,223.94775287051627,66781300
2024-09-20,227.14285278320312,232.01019908612525,226.5655378301485,228.90465745130933,318679900
2024-09-23,225.4208984375,228.3870895913876,224.76395218553373,226.28686337720748,54146000
2024-09-24,226.31671142578125,228.28755007923567,224.6843092769655,227.59078065470555,43556100
2024-09-25,225.3213348388672,226.23707111110926,222.9822303399746,223.88800321688734,42308700
2024-09-26,226.46603393554688,227.4414899021518,224.36580775387156,226.24705185494724,36636700
2024-09-27,226.73475646972656,228.45675318264773,226.24703611440785,227.40166606122023,34026000
2024-09-30,231.92063903808594,231.92063903808594,228.58615167195362,228.97434440874213,54541900
2024-10-01,225.16209411621094,228.5861456381701,222.70353511874544,228.45675818805825,63285000
2024-10-02,225.7294464111328,226.31670960653594,221.98686997976517,224.84356992020335,32880600
2024-10-03,224.6245880126953,225.75930638603796,222.28548343692833,224.09704443839323,34044200
2024-10-04,225.74935913085938,226.9437971307691,223.09172964492672,226.8442543024003,37245100
2024-10-07,220.66302490234375,224.6444949275546,220.30469199255066,223.46000516495792,39505400
2024-10-08,224.72415161132812,224.93317030599542,222.21582095858878,223.26095999623888,31855700
2024-10-09,228.47665405273438,228.68568791487783,223.78848153487698,224.18662246797504,33591100
2024-10-10,227.97897338867188,228.43684913724616,226.11764095959848,226.72481576308653,28183500
2024-10-11,226.4958953857422,228.34727968813561,226.28686151162026,228.23778864704394,31759200
2024-10-14,230.22850036621094,230.6565010908431,227.54101121711636,227.64053885191106,39882100
2024-10-15,232.76670837402344,236.3898456598821,231.29355345996072,232.52781469355565,64751400
2024-10-16,230.70626831054688,231.04468960128423,228.77525301100687,230.52710945831018,34082200
2024-10-17,231.07456970214844,232.76670668063704,229.4521309302649,232.348638945834,32993800
2024-10-18,233.91136169433594,235.0858880500012,232.92594240501305,235.0858880500012,46431500
2024-10-21,235.38450622558594,235.75280253487685,233.36391138062547,233.36391138062547,36254500
2024-10-22,234.76739501953125,235.12572795126604,231.52250221800776,232.80651969699693,38846600
2024-10-23,229.69100952148438,234.05072423456664,226.7049068825192,232.99563706556216,52287000
2024-10-24,229.50189208984375,229.75073396519565,227.35189464165862,228.91461372105516,31109500
2024-10-25,230.3380126953125,232.13962556438537,228.5065400142299,228.6757506783198,38802300
2024-10-28,232.3187713623047,233.64261197661628,231.47271808946843,232.23915532682838,36087100
2024-10-29,232.5875244140625,233.2444706163013,231.24378738741356,232.0201728307493,35417200
2024-10-30,229.03407287597656,232.38845656475567,228.48661770128336,231.5324398883544,47070900
2024-10-31,224.8634796142578,228.76531846185907,224.32597264925337,228.27758291037028,64370100
2024-11-01,221.87738037109375,224.30607958110733,219.2496106921502,219.9463649274566,65276700
2024-11-04,220.98155212402344,221.75793762543637,218.69221882853125,219.9662881225475,44944500
2024-11-05,222.41485595703125,222.91253968716026,220.1155595539316,220.77250572284638,28111300
2024-11-06,221.68826293945312,225.02275032206146,220.16535179621147,221.5787719009408,54561100
2024-11-07,226.42620849609375,226.82436463330757,223.52970043689453,223.5894200604507,42137700
2024-11-08,226.15716552734375,227.8511489598711,225.60910803907555,226.366414165256,38328800
2024-11-11,223.4368133544922,224.90161465065876,220.7164746065314,224.20409384410638,42005600
2024-11-12,223.4368133544922,224.79200315214243,222.5698957238352,223.75568869738083,40398300
2024-11-13,224.3236541748047,225.84824072641777,221.97200184604,223.2175800878685,48566200
2024-11-14,227.4127197265625,228.06041440281584,224.204108600429,224.2240421118748,44923900
2024-11-15,224.2041015625,226.11730807125568,223.47668806811174,225.59914322363005,47923700
2024-11-18,227.2134246826172,228.9273417095955,224.37349996104592,224.4532188000698,44633700
2024-11-19,227.47247314453125,229.3458276324582,225.8582086546099,226.17706876893948,36211800
2024-11-20,228.18995666503906,229.1166596710885,225.09095708205055,227.25327930098,35169600
2024-11-21,227.71165466308594,229.3458528412815,224.91159698015457,228.07038183414417,42108300
2024-11-22,229.05685424804688,229.9038535446,227.2532593649619,227.2532593649619,38168300
2024-11-25,232.04624938964844,232.42491005721112,228.92733167542056,230.64124862727573,90152800
2024-11-26,234.228515625,234.73672132395913,232.50463944229026,232.50463944229026,45986200
2024-11-27,234.0989532470703,234.85627456038557,232.98291999142185,233.6405889619916,33498400
2024-11-29,236.49049377441406,236.96879161176938,233.14237850329877,233.97940351987407,28481400
2024-12-02,238.7424774169922,239.93822952974793,236.32108052902282,236.4306920263062,48137100
2024-12-03,241.79165649414062,241.90126799408412,238.05492154808562,238.96170621081686,38861000
2024-12-04,242.150390625,243.2465056559754,240.3966217802532,242.01088645785893,44383900
2024-12-05,242.18028259277344,243.67497660990782,241.27351311137042,243.1269343008096,40033900
2024-12-06,241.98098754882812,243.7646642163996,241.22368140458013,242.05074723300527,36870600
2024-12-09,245.8771514892578,246.36542364679892,240.89483838917155,240.97455722335047,44649200
2024-12-10,246.89353942871094,247.33198539974384,244.4721274358929,246.01664748664516,36914800
2024-12-11,245.6180877685547,249.91283942191654,245.38889040813984,247.08288910248365,45205800
2024-12-12,247.08287048339844,247.8601100871407,244.81092178998352,246.0166482138882,32777500
2024-12-13,247.25228881835938,248.4081739675946,245.36897496771653,246.94338782137353,33155300
2024-12-16,250.15196228027344,250.49077111704125,246.7739547032778,247.11276354004562,51694800
2024-12-17,252.58334350585938,252.93211150871377,248.89643481128522,249.1953766416157,51356400
2024-12-18,247.1725616455078,253.38051965426092,246.86366065893745,251.26802371656945,56774100
2024-12-19,248.90638732910156,251.10857637552834,246.21594133746913,246.62449465453676,60882300
2024-12-20,253.5897674560547,254.0979578981185,244.82089371115717,247.16257165125242,147495300
2024-12-23,254.36700439453125,254.74564983170012,252.55343521958227,253.86877310974026,40858800
2024-12-24,257.28668212890625,257.2966260773909,254.386956808638,254.58626151312842,23234700
2024-12-26,258.1037292480469,259.1799258751944,256.7186620602343,257.27667867815336,27237100
2024-12-27,254.6858673095703,257.78488174803636,252.16481819720389,256.91793375888693,42355300
2024-12-30,251.30787658691406,252.60328106925755,249.86300878941353,251.33776924994547,35557500
2024-12-31,249.5341796875,252.38406352835983,248.54767617168994,251.5470385357527,39480700
